Participant_ID,Participant_Age,Participant_Sex,Item_Category,Item_Name,Trial_Order,Emotion_Condition,Subjective_Arousal,Subjective_Valence,Autobiographical_Link,Recall
1S,18.38466803559206,Female,People,People_158_h,1,Neutral,12.23958333333334,0.5208333333333428,63.28125,TRUE
1S,18.38466803559206,Female,Faces,Faces_045_h,2,Neutral,16.40625,4.166666666666657,22.13541666666666,FALSE
1S,18.38466803559206,Female,People,People_138_h,3,Neutral,25.52083333333333,25.52083333333334,55.98958333333333,TRUE
1S,18.38466803559206,Female,People,People_148_h,4,Neutral,0,0,44.79166666666667,FALSE
1S,18.38466803559206,Female,Faces,Faces_315_h,5,Neutral,25.78125,45.83333333333334,30.20833333333333,FALSE
1S,18.38466803559206,Female,Faces,Faces_224_h,6,Neutral,2.604166666666663,0,8.072916666666663,FALSE
1S,18.38466803559206,Female,Faces,Faces_016_h,7,Negative,25,-32.8125,0,FALSE
1S,18.38466803559206,Female,Faces,Faces_170_h,8,Negative,51.30208333333333,-1.041666666666657,15.36458333333334,FALSE
1S,18.38466803559206,Female,Faces,Faces_362_v,9,Negative,75.26041666666667,-2.083333333333343,0,FALSE
1S,18.38466803559206,Female,Faces,Faces_366_h,10,Negative,72.13541666666667,1.041666666666657,2.083333333333337,FALSE
1S,18.38466803559206,Female,People,People_226_h,11,Negative,67.44791666666667,-36.97916666666665,32.8125,TRUE
1S,18.38466803559206,Female,People,People_201_v,12,Negative,68.22916666666667,-65.10416666666667,4.6875,FALSE
1S,18.38466803559206,Female,People,People_149_h,13,Neutral,17.44791666666666,1.5625,0,FALSE
1S,18.38466803559206,Female,Faces,Faces_057_h,14,Neutral,3.385416666666663,-2.083333333333343,1.822916666666663,FALSE
1S,18.38466803559206,Female,Faces,Faces_364_v,15,Negative,100,-82.29166666666667,0,FALSE
1S,18.38466803559206,Female,People,People_222_h,16,Negative,64.84375,-37.5,0.78125,FALSE
1S,18.38466803559206,Female,Faces,Faces_319_v,17,Neutral,0,-2.604166666666657,82.29166666666667,FALSE
1S,18.38466803559206,Female,People,People_128_h,18,Negative,100,-1.5625,4.166666666666663,FALSE
1S,18.38466803559206,Female,People,People_184_h,19,Neutral,0,-0.5208333333333428,54.42708333333333,FALSE
1S,18.38466803559206,Female,People,People_163_v,20,Neutral,0,-2.604166666666657,0,FALSE
1S,18.38466803559206,Female,Faces,Faces_293_h,21,Negative,2.34375,-55.72916666666667,0.520833333333337,FALSE
1S,18.38466803559206,Female,Faces,Faces_010_h,22,Negative,71.61458333333333,-15.625,0,TRUE
1S,18.38466803559206,Female,People,People_038_h,23,Negative,99.73958333333333,-99.47916666666667,0,TRUE
1S,18.38466803559206,Female,People,People_208_h,24,Negative,76.04166666666667,-97.39583333333333,0,FALSE
1S,18.38466803559206,Female,People,People_056_h,25,Neutral,0,47.91666666666666,0,FALSE
1S,18.38466803559206,Female,People,People_238_h,26,Negative,100,-97.91666666666667,0,TRUE
1S,18.38466803559206,Female,People,People_246_h,27,Negative,86.45833333333333,-100,0,FALSE
1S,18.38466803559206,Female,People,People_102_h,28,Neutral,10.41666666666666,-0.5208333333333428,0,FALSE
1S,18.38466803559206,Female,Faces,Faces_343_h,29,Neutral,0,0.5208333333333428,0,FALSE
1S,18.38466803559206,Female,People,People_220_h,30,Negative,78.64583333333333,-2.083333333333343,1.041666666666663,FALSE
1S,18.38466803559206,Female,Faces,Faces_341_h,31,Neutral,0,51.5625,0,TRUE
1S,18.38466803559206,Female,Faces,Faces_251_v,32,Neutral,0,0,0,FALSE
1S,18.38466803559206,Female,Faces,Faces_196_h,33,Neutral,0.78125,0,0,FALSE
1S,18.38466803559206,Female,Faces,Faces_064_h,34,Neutral,0.260416666666663,99.47916666666666,63.28125,TRUE
1S,18.38466803559206,Female,Faces,Faces_365_v,35,Negative,54.94791666666667,2.604166666666657,1.822916666666663,TRUE
1S,18.38466803559206,Female,People,People_211_v,36,Negative,77.34375,-100,0,FALSE
1S,18.38466803559206,Female,People,People_237_h,37,Negative,100,-100,1.041666666666663,TRUE
1S,18.38466803559206,Female,Faces,Faces_367_h,38,Negative,100,-100,0,FALSE
1S,18.38466803559206,Female,Faces,Faces_172_h,39,Negative,50.52083333333333,2.083333333333343,0,TRUE
1S,18.38466803559206,Female,Faces,Faces_207_h,40,Neutral,0,-1.5625,1.302083333333337,TRUE
1S,18.38466803559206,Female,People,People_114_h,41,Neutral,1.302083333333337,44.79166666666666,100,TRUE
1S,18.38466803559206,Female,Faces,Faces_149_v,42,Negative,74.47916666666667,-48.95833333333335,0,FALSE
1S,18.38466803559206,Female,People,People_227_h,43,Negative,75.78125,-100,0,FALSE
1S,18.38466803559206,Female,People,People_097_h,44,Neutral,0,0,0,FALSE
1S,18.38466803559206,Female,Faces,Faces_371_v,45,Negative,98.95833333333333,-100,0,FALSE
1S,18.38466803559206,Female,People,People_104_h,46,Neutral,0,-1.041666666666657,1.041666666666663,FALSE
1S,18.38466803559206,Female,Faces,Faces_195_v,47,Neutral,0,1.041666666666657,0,TRUE
1S,18.38466803559206,Female,People,People_063_h,48,Neutral,2.083333333333337,100,1.302083333333337,TRUE
2S,23.59753593429158,Female,People,People_056_h,1,Neutral,50,0,61.71875,FALSE
2S,23.59753593429158,Female,Faces,Faces_045_h,2,Neutral,37.23958333333333,46.35416666666666,33.59375,FALSE
2S,23.59753593429158,Female,People,People_184_h,3,Neutral,81.77083333333333,100,76.82291666666667,FALSE
2S,23.59753593429158,Female,Faces,Faces_010_h,4,Negative,84.375,-56.25,36.45833333333333,TRUE
2S,23.59753593429158,Female,People,People_128_h,5,Negative,83.33333333333333,-35.9375,35.9375,TRUE
2S,23.59753593429158,Female,People,People_102_h,6,Neutral,69.79166666666667,23.95833333333334,76.5625,FALSE
2S,23.59753593429158,Female,People,People_149_h,7,Neutral,34.11458333333333,15.625,37.5,TRUE
2S,23.59753593429158,Female,Faces,Faces_149_v,8,Negative,79.6875,-22.91666666666666,61.97916666666667,TRUE
2S,23.59753593429158,Female,People,People_104_h,9,Neutral,44.27083333333333,12.5,35.41666666666667,FALSE
2S,23.59753593429158,Female,Faces,Faces_319_v,10,Neutral,62.23958333333333,16.66666666666666,84.89583333333333,TRUE
2S,23.59753593429158,Female,People,People_138_h,11,Neutral,68.75,33.85416666666666,72.91666666666667,TRUE
2S,23.59753593429158,Female,Faces,Faces_172_h,12,Negative,67.70833333333333,-26.5625,36.19791666666667,FALSE
2S,23.59753593429158,Female,Faces,Faces_315_h,13,Neutral,41.14583333333333,0.5208333333333428,38.54166666666667,TRUE
2S,23.59753593429158,Female,People,People_246_h,14,Negative,73.69791666666667,-30.20833333333334,31.77083333333333,FALSE
2S,23.59753593429158,Female,People,People_237_h,15,Negative,100,-100,0,FALSE
2S,23.59753593429158,Female,Faces,Faces_293_h,16,Negative,82.03125,-39.0625,81.77083333333333,FALSE
2S,23.59753593429158,Female,Faces,Faces_343_h,17,Neutral,54.6875,33.85416666666666,27.86458333333333,TRUE
2S,23.59753593429158,Female,Faces,Faces_196_h,18,Neutral,42.1875,40.10416666666666,29.6875,FALSE
2S,23.59753593429158,Female,Faces,Faces_064_h,19,Neutral,43.22916666666667,45.83333333333334,75,TRUE
2S,23.59753593429158,Female,Faces,Faces_207_h,20,Neutral,71.09375,46.875,70.83333333333333,TRUE
2S,23.59753593429158,Female,People,People_038_h,21,Negative,88.80208333333333,-70.83333333333333,76.82291666666667,TRUE
2S,23.59753593429158,Female,Faces,Faces_170_h,22,Negative,72.65625,51.04166666666666,77.08333333333333,TRUE
2S,23.59753593429158,Female,Faces,Faces_341_h,23,Neutral,26.30208333333333,48.95833333333334,66.40625,TRUE
2S,23.59753593429158,Female,People,People_222_h,24,Negative,84.63541666666667,-54.16666666666667,51.82291666666667,FALSE
2S,23.59753593429158,Female,Faces,Faces_016_h,25,Negative,92.96875,-64.58333333333333,78.38541666666667,TRUE
2S,23.59753593429158,Female,People,People_208_h,26,Negative,77.34375,-69.79166666666667,19.01041666666666,FALSE
2S,23.59753593429158,Female,People,People_097_h,27,Neutral,14.84375,-0.5208333333333428,42.96875,FALSE
2S,23.59753593429158,Female,People,People_227_h,28,Negative,63.02083333333333,28.64583333333334,72.13541666666667,FALSE
2S,23.59753593429158,Female,People,People_211_v,29,Negative,87.76041666666667,-77.60416666666667,16.66666666666666,TRUE
2S,23.59753593429158,Female,People,People_063_h,30,Neutral,71.875,84.89583333333334,79.16666666666667,FALSE
2S,23.59753593429158,Female,Faces,Faces_224_h,31,Neutral,30.72916666666667,46.35416666666666,28.90625,FALSE
2S,23.59753593429158,Female,People,People_163_v,32,Neutral,22.91666666666666,55.72916666666666,39.84375,FALSE
2S,23.59753593429158,Female,Faces,Faces_371_v,33,Negative,72.65625,-39.58333333333335,28.64583333333333,FALSE
2S,23.59753593429158,Female,People,People_148_h,34,Neutral,39.0625,-23.4375,67.70833333333333,FALSE
2S,23.59753593429158,Female,People,People_158_h,35,Neutral,28.64583333333333,38.54166666666666,90.10416666666667,FALSE
2S,23.59753593429158,Female,Faces,Faces_365_v,36,Negative,86.97916666666667,-78.125,NA,TRUE
2S,23.59753593429158,Female,Faces,Faces_251_v,37,Neutral,41.14583333333333,38.02083333333334,67.96875,FALSE
2S,23.59753593429158,Female,People,People_238_h,38,Negative,93.22916666666667,-92.1875,31.51041666666667,TRUE
2S,23.59753593429158,Female,People,People_201_v,39,Negative,75.78125,-51.04166666666667,23.95833333333334,TRUE
2S,23.59753593429158,Female,People,People_226_h,40,Negative,68.48958333333333,-30.72916666666666,30.46875,TRUE
2S,23.59753593429158,Female,Faces,Faces_195_v,41,Neutral,33.33333333333333,54.6875,11.97916666666666,FALSE
2S,23.59753593429158,Female,Faces,Faces_366_h,42,Negative,78.38541666666667,-48.4375,19.53125,FALSE
2S,23.59753593429158,Female,Faces,Faces_367_h,43,Negative,77.34375,-46.35416666666665,63.02083333333333,TRUE
2S,23.59753593429158,Female,People,People_114_h,44,Neutral,80.46875,66.14583333333334,56.25,FALSE
2S,23.59753593429158,Female,Faces,Faces_364_v,45,Negative,92.44791666666667,-73.4375,24.73958333333334,FALSE
2S,23.59753593429158,Female,People,People_220_h,46,Negative,88.54166666666667,-80.20833333333333,21.875,TRUE
2S,23.59753593429158,Female,Faces,Faces_362_v,47,Negative,67.44791666666667,42.1875,76.5625,FALSE
2S,23.59753593429158,Female,Faces,Faces_057_h,48,Neutral,26.04166666666667,69.27083333333334,76.04166666666667,FALSE
3S,22.11909650924025,Female,People,People_184_h,1,Neutral,7.357247437774528,1.464128843338216,66.83748169838945,FALSE
3S,22.11909650924025,Female,Faces,Faces_362_v,2,Negative,27.1229868228404,-38.4333821376281,38.65300146412884,TRUE
3S,22.11909650924025,Female,Faces,Faces_016_h,3,Negative,65.92240117130308,-88.94582723279649,65.19033674963397,TRUE
3S,22.11909650924025,Female,People,People_227_h,4,Negative,66.83748169838945,-46.85212298682284,60.43191800878478,FALSE
3S,22.11909650924025,Female,People,People_238_h,5,Negative,80.38067349926794,-71.74231332357249,64.82430453879941,FALSE
3S,22.11909650924025,Female,People,People_102_h,6,Neutral,38.46998535871155,36.96925329428987,75.2562225475842,FALSE
3S,22.11909650924025,Female,Faces,Faces_196_h,7,Neutral,27.85505124450951,27.4524158125915,40.48316251830162,FALSE
3S,22.11909650924025,Female,Faces,Faces_371_v,8,Negative,86.78623718887262,-76.86676427525623,39.56808199121522,TRUE
3S,22.11909650924025,Female,Faces,Faces_057_h,9,Neutral,18.88726207906296,35.50512445095166,39.38506588579796,FALSE
3S,22.11909650924025,Female,Faces,Faces_343_h,10,Neutral,20.900439238653,23.060029282576892,62.81112737920937,FALSE
3S,22.11909650924025,Female,Faces,Faces_010_h,11,Negative,61.34699853587116,-35.87115666178624,63.54319180087848,FALSE
3S,22.11909650924025,Female,People,People_226_h,12,Negative,66.65446559297219,-69.18008784773059,69.21669106881406,FALSE
3S,22.11909650924025,Female,Faces,Faces_319_v,13,Neutral,15.95900439238653,6.588579795021943,71.41288433382138,FALSE
3S,22.11909650924025,Female,People,People_063_h,14,Neutral,26.20790629575403,79.4289897510981,59.51683748169838,FALSE
3S,22.11909650924025,Female,Faces,Faces_366_h,15,Negative,50,31.84480234260616,79.09956076134699,FALSE
3S,22.11909650924025,Female,People,People_237_h,16,Negative,29.86822840409955,18.30161054172765,35.54172767203514,FALSE
3S,22.11909650924025,Female,Faces,Faces_045_h,17,Neutral,15.59297218155198,0.3660322108345326,64.0922401171303,FALSE
3S,22.11909650924025,Female,Faces,Faces_365_v,18,Negative,80.56368960468521,-75.03660322108345,18.33821376281113,TRUE
3S,22.11909650924025,Female,Faces,Faces_251_v,19,Neutral,31.51537335285506,-26.72035139092239,12.84773060029283,FALSE
3S,22.11909650924025,Female,Faces,Faces_195_v,20,Neutral,33.34553440702781,43.55783308931188,21.08345534407028,TRUE
3S,22.11909650924025,Female,People,People_114_h,21,Neutral,14.86090775988287,32.21083455344069,24.37774524158126,FALSE
3S,22.11909650924025,Female,Faces,Faces_315_h,22,Neutral,12.66471449487555,-1.098096632503641,26.39092240117131,FALSE
3S,22.11909650924025,Female,Faces,Faces_341_h,23,Neutral,20.71742313323572,-2.562225475841856,28.0380673499268,FALSE
3S,22.11909650924025,Female,People,People_038_h,24,Negative,58.05270863836019,-67.71595900439237,57.86969253294289,TRUE
3S,22.11909650924025,Female,People,People_056_h,25,Neutral,9.919472913616401,2.562225475841856,34.44363103953147,FALSE
3S,22.11909650924025,Female,Faces,Faces_172_h,26,Negative,72.8770131771596,-95.1683748169839,62.62811127379209,FALSE
3S,22.11909650924025,Female,Faces,Faces_149_v,27,Negative,23.46266471449487,-100,14.49487554904831,FALSE
3S,22.11909650924025,Female,People,People_149_h,28,Neutral,23.2796486090776,-38.4333821376281,17.97218155197658,FALSE
3S,22.11909650924025,Female,People,People_163_v,29,Neutral,11.74963396778916,1.464128843338216,23.46266471449487,FALSE
3S,22.11909650924025,Female,Faces,Faces_364_v,30,Negative,100,-100,15.59297218155198,FALSE
3S,22.11909650924025,Female,People,People_128_h,31,Negative,69.7657393850659,-55.63689604685212,12.84773060029283,TRUE
3S,22.11909650924025,Female,Faces,Faces_064_h,32,Neutral,24.74377745241582,35.87115666178624,66.10541727672035,TRUE
3S,22.11909650924025,Female,Faces,Faces_224_h,33,Neutral,12.48169838945827,69.91215226939968,14.67789165446559,FALSE
3S,22.11909650924025,Female,People,People_208_h,34,Negative,35.35871156661787,-80.89311859443632,24.56076134699854,FALSE
3S,22.11909650924025,Female,Faces,Faces_170_h,35,Negative,22.54758418740849,-67.71595900439237,68.30161054172767,TRUE
3S,22.11909650924025,Female,People,People_246_h,36,Negative,6.625183016105418,-58.199121522694,25.10980966325036,FALSE
3S,22.11909650924025,Female,Faces,Faces_367_h,37,Negative,15.59297218155198,-94.43631039531479,56.22254758418741,FALSE
3S,22.11909650924025,Female,Faces,Faces_293_h,38,Negative,35.7247437774524,-72.84040995607612,66.4714494875549,FALSE
3S,22.11909650924025,Female,People,People_201_v,39,Negative,30.2342606149341,-100,10.28550512445095,FALSE
3S,22.11909650924025,Female,People,People_211_v,40,Negative,57.86969253294289,-100,23.64568081991215,FALSE
3S,22.11909650924025,Female,People,People_158_h,41,Neutral,30.96632503660322,10.2489019033675,43.59443631039532,TRUE
3S,22.11909650924025,Female,Faces,Faces_207_h,42,Neutral,70.86383601756954,87.11566617862374,21.99853587115667,FALSE
3S,22.11909650924025,Female,People,People_148_h,43,Neutral,26.75695461200585,70.6442166910688,27.1229868228404,FALSE
3S,22.11909650924025,Female,People,People_097_h,44,Neutral,18.52122986822841,59.6632503660322,65.00732064421668,TRUE
3S,22.11909650924025,Female,People,People_222_h,45,Negative,29.68521229868228,-64.05563689604685,65.19033674963397,FALSE
3S,22.11909650924025,Female,People,People_220_h,46,Negative,99.59736456808199,-32.57686676427527,24.37774524158126,TRUE
3S,22.11909650924025,Female,People,People_104_h,47,Neutral,34.44363103953147,-62.59150805270863,24.37774524158126,TRUE
3S,22.11909650924025,Female,People,People_138_h,48,Neutral,20.16837481698389,71.01024890190337,29.13616398243046,TRUE
4S,21.93292265571526,Female,People,People_148_h,1,Neutral,0,-52.08333333333333,78.90625,FALSE
4S,21.93292265571526,Female,People,People_102_h,2,Neutral,19.01041666666666,54.16666666666666,64.84375,FALSE
4S,21.93292265571526,Female,People,People_211_v,3,Negative,66.66666666666667,-100,20.57291666666666,FALSE
4S,21.93292265571526,Female,Faces,Faces_367_h,4,Negative,61.19791666666667,-39.0625,9.635416666666663,TRUE
4S,21.93292265571526,Female,Faces,Faces_365_v,5,Negative,35.15625,-87.5,74.47916666666667,TRUE
4S,21.93292265571526,Female,People,People_226_h,6,Negative,71.35416666666667,-86.97916666666667,10.67708333333334,FALSE
4S,21.93292265571526,Female,People,People_237_h,7,Negative,16.66666666666666,-31.25,77.86458333333333,TRUE
4S,21.93292265571526,Female,Faces,Faces_170_h,8,Negative,17.70833333333334,-83.85416666666667,0,TRUE
4S,21.93292265571526,Female,Faces,Faces_366_h,9,Negative,57.29166666666667,-100,74.21875,FALSE
4S,21.93292265571526,Female,People,People_158_h,10,Neutral,66.92708333333333,100,100,TRUE
4S,21.93292265571526,Female,Faces,Faces_315_h,11,Neutral,0,2.083333333333343,65.36458333333333,FALSE
4S,21.93292265571526,Female,People,People_227_h,12,Negative,57.29166666666667,-77.08333333333333,0,FALSE
4S,21.93292265571526,Female,People,People_138_h,13,Neutral,0,75,86.71875,TRUE
4S,21.93292265571526,Female,Faces,Faces_207_h,14,Neutral,0,-0.5208333333333428,0,FALSE
4S,21.93292265571526,Female,People,People_184_h,15,Neutral,32.8125,100,100,TRUE
4S,21.93292265571526,Female,People,People_201_v,16,Negative,66.92708333333333,-100,22.91666666666666,TRUE
4S,21.93292265571526,Female,Faces,Faces_195_v,17,Neutral,18.75,100,70.83333333333333,FALSE
4S,21.93292265571526,Female,People,People_038_h,18,Negative,66.14583333333333,-100,36.19791666666667,FALSE
4S,21.93292265571526,Female,Faces,Faces_319_v,19,Neutral,5.729166666666663,67.70833333333334,99.47916666666667,TRUE
4S,21.93292265571526,Female,Faces,Faces_341_h,20,Neutral,11.45833333333334,33.85416666666666,29.42708333333333,TRUE
4S,21.93292265571526,Female,People,People_128_h,21,Negative,60.67708333333333,-96.35416666666667,86.71875,TRUE
4S,21.93292265571526,Female,People,People_104_h,22,Neutral,24.47916666666666,49.47916666666666,24.21875,FALSE
4S,21.93292265571526,Female,People,People_063_h,23,Neutral,28.125,39.58333333333334,20.05208333333334,FALSE
4S,21.93292265571526,Female,People,People_246_h,24,Negative,21.35416666666666,-13.02083333333334,52.60416666666667,FALSE
4S,21.93292265571526,Female,Faces,Faces_224_h,25,Neutral,24.21875,43.75,47.13541666666667,TRUE
4S,21.93292265571526,Female,People,People_238_h,26,Negative,68.22916666666667,-100,18.75,TRUE
4S,21.93292265571526,Female,People,People_220_h,27,Negative,69.79166666666667,-100,0,TRUE
4S,21.93292265571526,Female,Faces,Faces_172_h,28,Negative,8.59375,-44.27083333333335,77.34375,TRUE
4S,21.93292265571526,Female,Faces,Faces_362_v,29,Negative,31.25,-100,45.83333333333333,FALSE
4S,21.93292265571526,Female,Faces,Faces_016_h,30,Negative,12.23958333333334,-34.89583333333334,6.510416666666663,FALSE
4S,21.93292265571526,Female,Faces,Faces_010_h,31,Negative,63.80208333333333,-100,67.44791666666667,FALSE
4S,21.93292265571526,Female,Faces,Faces_064_h,32,Neutral,15.625,0.5208333333333428,6.510416666666663,FALSE
4S,21.93292265571526,Female,People,People_149_h,33,Neutral,8.333333333333337,-27.60416666666666,14.32291666666666,FALSE
4S,21.93292265571526,Female,Faces,Faces_251_v,34,Neutral,87.76041666666667,-35.9375,85.67708333333333,FALSE
4S,21.93292265571526,Female,Faces,Faces_343_h,35,Neutral,59.11458333333333,-64.58333333333333,48.4375,FALSE
4S,21.93292265571526,Female,Faces,Faces_045_h,36,Neutral,10.41666666666666,1.5625,84.375,TRUE
4S,21.93292265571526,Female,Faces,Faces_149_v,37,Negative,64.32291666666667,-100,66.14583333333333,TRUE
4S,21.93292265571526,Female,Faces,Faces_196_h,38,Neutral,0,0,18.75,TRUE
4S,21.93292265571526,Female,People,People_056_h,39,Neutral,23.69791666666666,42.70833333333334,19.01041666666666,FALSE
4S,21.93292265571526,Female,Faces,Faces_364_v,40,Negative,85.15625,-100,82.29166666666667,FALSE
4S,21.93292265571526,Female,People,People_163_v,41,Neutral,0,8.854166666666657,28.125,TRUE
4S,21.93292265571526,Female,People,People_097_h,42,Neutral,0,2.083333333333343,23.4375,TRUE
4S,21.93292265571526,Female,Faces,Faces_057_h,43,Neutral,0,1.041666666666657,24.47916666666666,TRUE
4S,21.93292265571526,Female,People,People_114_h,44,Neutral,17.70833333333334,65.625,69.53125,TRUE
4S,21.93292265571526,Female,Faces,Faces_293_h,45,Negative,27.34375,-65.10416666666667,21.61458333333334,TRUE
4S,21.93292265571526,Female,People,People_208_h,46,Negative,66.40625,-100,13.80208333333334,TRUE
4S,21.93292265571526,Female,Faces,Faces_371_v,47,Negative,61.45833333333333,-100,22.13541666666666,TRUE
4S,21.93292265571526,Female,People,People_222_h,48,Negative,28.125,-98.4375,77.34375,FALSE
5S,18.70499657768652,Female,People,People_128_h,1,Negative,61.71875,-32.29166666666666,7.03125,FALSE
5S,18.70499657768652,Female,People,People_038_h,2,Negative,91.92708333333333,-94.27083333333333,27.08333333333333,FALSE
5S,18.70499657768652,Female,Faces,Faces_315_h,3,Neutral,48.95833333333333,53.125,82.03125,FALSE
5S,18.70499657768652,Female,People,People_063_h,4,Neutral,59.11458333333333,43.22916666666666,65.10416666666667,FALSE
5S,18.70499657768652,Female,Faces,Faces_057_h,5,Neutral,35.41666666666667,39.58333333333334,17.1875,FALSE
5S,18.70499657768652,Female,People,People_114_h,6,Neutral,48.69791666666667,-6.25,33.59375,FALSE
5S,18.70499657768652,Female,Faces,Faces_371_v,7,Negative,94.27083333333333,-82.29166666666667,69.27083333333333,FALSE
5S,18.70499657768652,Female,Faces,Faces_365_v,8,Negative,72.39583333333333,-47.39583333333335,0.520833333333337,FALSE
5S,18.70499657768652,Female,People,People_138_h,9,Neutral,56.25,32.8125,63.02083333333333,TRUE
5S,18.70499657768652,Female,People,People_102_h,10,Neutral,33.59375,2.604166666666657,5.46875,TRUE
5S,18.70499657768652,Female,Faces,Faces_224_h,11,Neutral,51.5625,25.52083333333334,6.25,FALSE
5S,18.70499657768652,Female,Faces,Faces_319_v,12,Neutral,57.55208333333333,39.58333333333334,79.6875,FALSE
5S,18.70499657768652,Female,Faces,Faces_207_h,13,Neutral,65.36458333333333,40.625,75,FALSE
5S,18.70499657768652,Female,Faces,Faces_364_v,14,Negative,89.84375,-89.0625,6.770833333333337,FALSE
5S,18.70499657768652,Female,Faces,Faces_293_h,15,Negative,64.0625,-47.39583333333335,14.0625,FALSE
5S,18.70499657768652,Female,People,People_104_h,16,Neutral,62.23958333333333,29.6875,19.27083333333334,TRUE
5S,18.70499657768652,Female,Faces,Faces_341_h,17,Neutral,77.86458333333333,53.64583333333334,83.33333333333333,TRUE
5S,18.70499657768652,Female,Faces,Faces_343_h,18,Neutral,24.21875,-11.97916666666666,67.1875,TRUE
5S,18.70499657768652,Female,People,People_201_v,19,Negative,64.58333333333333,-30.20833333333334,8.072916666666663,TRUE
5S,18.70499657768652,Female,People,People_238_h,20,Negative,100,-100,60.9375,FALSE
5S,18.70499657768652,Female,Faces,Faces_251_v,21,Neutral,20.57291666666666,-18.75,59.11458333333333,TRUE
5S,18.70499657768652,Female,People,People_220_h,22,Negative,58.07291666666667,-34.375,10.15625,TRUE
5S,18.70499657768652,Female,Faces,Faces_045_h,23,Neutral,10.41666666666666,1.5625,22.13541666666666,FALSE
5S,18.70499657768652,Female,People,People_158_h,24,Neutral,38.671875,31.25,71.875,TRUE
5S,18.70499657768652,Female,People,People_222_h,25,Negative,62.23958333333333,-16.14583333333334,65.88541666666667,FALSE
5S,18.70499657768652,Female,Faces,Faces_149_v,26,Negative,68.48958333333333,-60.9375,15.36458333333334,TRUE
5S,18.70499657768652,Female,People,People_097_h,27,Neutral,20.05208333333334,3.645833333333343,20.57291666666666,FALSE
5S,18.70499657768652,Female,People,People_226_h,28,Negative,73.95833333333333,-74.47916666666667,10.67708333333334,TRUE
5S,18.70499657768652,Female,Faces,Faces_170_h,29,Negative,65.625,-37.5,76.04166666666667,FALSE
5S,18.70499657768652,Female,People,People_211_v,30,Negative,73.17708333333333,-80.20833333333333,5.208333333333337,FALSE
5S,18.70499657768652,Female,Faces,Faces_367_h,31,Negative,73.69791666666667,-72.39583333333333,73.4375,FALSE
5S,18.70499657768652,Female,Faces,Faces_366_h,32,Negative,63.28125,-53.125,17.1875,TRUE
5S,18.70499657768652,Female,People,People_149_h,33,Neutral,50,-1.5625,7.8125,FALSE
5S,18.70499657768652,Female,People,People_237_h,34,Negative,53.38541666666667,-33.85416666666666,11.97916666666666,FALSE
5S,18.70499657768652,Female,People,People_056_h,35,Neutral,57.03125,54.6875,8.072916666666663,TRUE
5S,18.70499657768652,Female,Faces,Faces_196_h,36,Neutral,50,11.97916666666666,12.76041666666666,FALSE
5S,18.70499657768652,Female,People,People_184_h,37,Neutral,62.23958333333333,84.375,84.89583333333333,FALSE
5S,18.70499657768652,Female,People,People_208_h,38,Negative,76.04166666666667,-40.625,4.166666666666663,FALSE
5S,18.70499657768652,Female,People,People_227_h,39,Negative,79.16666666666667,-72.39583333333333,14.0625,FALSE
5S,18.70499657768652,Female,Faces,Faces_362_v,40,Negative,36.71875,-13.02083333333334,12.5,FALSE
5S,18.70499657768652,Female,People,People_148_h,41,Neutral,53.125,50.52083333333334,44.79166666666667,FALSE
5S,18.70499657768652,Female,People,People_246_h,42,Negative,58.85416666666667,-56.77083333333333,20.3125,TRUE
5S,18.70499657768652,Female,Faces,Faces_064_h,43,Neutral,66.92708333333333,90.625,86.71875,TRUE
5S,18.70499657768652,Female,Faces,Faces_016_h,44,Negative,78.125,-59.375,40.88541666666667,TRUE
5S,18.70499657768652,Female,Faces,Faces_195_v,45,Neutral,40.36458333333333,-13.02083333333334,32.29166666666667,FALSE
5S,18.70499657768652,Female,People,People_163_v,46,Neutral,58.07291666666667,35.41666666666666,72.39583333333333,FALSE
5S,18.70499657768652,Female,Faces,Faces_010_h,47,Negative,68.75,-72.39583333333333,12.23958333333334,TRUE
5S,18.70499657768652,Female,Faces,Faces_172_h,48,Negative,82.29166666666667,-94.27083333333333,65.625,TRUE
6S,22.9596167008898,Female,People,People_238_h,1,Negative,88.79941434846266,-100,99.59736456808199,TRUE
6S,22.9596167008898,Female,Faces,Faces_364_v,2,Negative,7.906295754026349,-52.34260614934114,58.41874084919474,FALSE
6S,22.9596167008898,Female,Faces,Faces_341_h,3,Neutral,39.20204978038066,25.62225475841875,0,FALSE
6S,22.9596167008898,Female,People,People_220_h,4,Negative,12.66471449487555,-70.64421669106882,24.19472913616399,FALSE
6S,22.9596167008898,Female,People,People_138_h,5,Neutral,70.86383601756954,53.80673499267937,62.07906295754027,FALSE
6S,22.9596167008898,Female,People,People_226_h,6,Negative,77.26939970717423,-97.36456808199121,78.00146412884334,FALSE
6S,22.9596167008898,Female,Faces,Faces_057_h,7,Neutral,0.03660322108345326,-0.7320644216691079,0.4026354319180081,FALSE
6S,22.9596167008898,Female,People,People_211_v,8,Negative,31.33235724743777,-98.09663250366032,0,FALSE
6S,22.9596167008898,Female,Faces,Faces_315_h,9,Neutral,61.71303074670571,80.89311859443632,70.49780380673498,TRUE
6S,22.9596167008898,Female,People,People_163_v,10,Neutral,0,-13.54319180087846,0,FALSE
6S,22.9596167008898,Female,Faces,Faces_172_h,11,Negative,85.3221083455344,-100,0,FALSE
6S,22.9596167008898,Female,Faces,Faces_366_h,12,Negative,67.56954612005856,-75.03660322108345,1.68374816983895,FALSE
6S,22.9596167008898,Female,Faces,Faces_045_h,13,Neutral,0,2.562225475841856,0,FALSE
6S,22.9596167008898,Female,People,People_149_h,14,Neutral,58.23572474377745,-16.47144948755491,18.88726207906296,FALSE
6S,22.9596167008898,Female,People,People_063_h,15,Neutral,0,35.50512445095166,0,FALSE
6S,22.9596167008898,Female,People,People_097_h,16,Neutral,0,-15.73938506588578,0.4026354319180081,FALSE
6S,22.9596167008898,Female,Faces,Faces_343_h,17,Neutral,0,-0.3660322108345326,0.7686676427525629,FALSE
6S,22.9596167008898,Female,Faces,Faces_293_h,18,Negative,19.61932650073206,-100,0,FALSE
6S,22.9596167008898,Female,Faces,Faces_195_v,19,Neutral,77.4524158125915,-27.4524158125915,100,TRUE
6S,22.9596167008898,Female,Faces,Faces_365_v,20,Negative,65.37335285505124,-48.31625183016106,0.03660322108345326,FALSE
6S,22.9596167008898,Female,Faces,Faces_224_h,21,Neutral,0,-1.098096632503641,0,FALSE
6S,22.9596167008898,Female,People,People_056_h,22,Neutral,50.18301610541727,31.84480234260616,54.02635431918008,FALSE
6S,22.9596167008898,Female,Faces,Faces_319_v,23,Neutral,0,-1.098096632503641,56.77159590043923,FALSE
6S,22.9596167008898,Female,Faces,Faces_367_h,24,Negative,99.59736456808199,-99.9267935578331,100,FALSE
6S,22.9596167008898,Female,Faces,Faces_064_h,25,Neutral,0.4026354319180081,28.91654465592973,28.95314787701317,FALSE
6S,22.9596167008898,Female,People,People_246_h,26,Negative,61.34699853587116,-99.9267935578331,2.415812591508049,FALSE
6S,22.9596167008898,Female,People,People_128_h,27,Negative,54.57540263543193,-64.05563689604685,0,TRUE
6S,22.9596167008898,Female,People,People_104_h,28,Neutral,51.64714494875548,0.7320644216691079,65.37335285505124,FALSE
6S,22.9596167008898,Female,People,People_201_v,29,Negative,59.69985358711567,-26.72035139092239,77.26939970717423,FALSE
6S,22.9596167008898,Female,People,People_038_h,30,Negative,100,-100,0,TRUE
6S,22.9596167008898,Female,People,People_158_h,31,Neutral,64.2752562225476,49.78038067349928,0,FALSE
6S,22.9596167008898,Female,People,People_208_h,32,Negative,54.75841874084919,-98.46266471449488,0,TRUE
6S,22.9596167008898,Female,Faces,Faces_016_h,33,Negative,57.86969253294289,-47.95021961932648,0,TRUE
6S,22.9596167008898,Female,Faces,Faces_149_v,34,Negative,50.18301610541727,-8.052708638360158,0,FALSE
6S,22.9596167008898,Female,People,People_237_h,35,Negative,51.83016105417278,-58.199121522694,55.30746705710104,FALSE
6S,22.9596167008898,Female,Faces,Faces_010_h,36,Negative,58.78477306002927,-76.13469985358712,1.500732064421673,FALSE
6S,22.9596167008898,Female,Faces,Faces_196_h,37,Neutral,0,-1.098096632503641,0,FALSE
6S,22.9596167008898,Female,People,People_222_h,38,Negative,36.82284040995607,-51.24450951683747,100,TRUE
6S,22.9596167008898,Female,People,People_114_h,39,Neutral,0,-11.34699853587118,0.2196193265007307,TRUE
6S,22.9596167008898,Female,Faces,Faces_170_h,40,Negative,58.60175695461201,-22.69399707174232,0.9516837481698404,FALSE
6S,22.9596167008898,Female,Faces,Faces_251_v,41,Neutral,31.33235724743777,42.45973645680817,0,FALSE
6S,22.9596167008898,Female,People,People_102_h,42,Neutral,0,-40.62957540263543,0,FALSE
6S,22.9596167008898,Female,People,People_148_h,43,Neutral,62.26207906295753,100,99.41434846266472,TRUE
6S,22.9596167008898,Female,Faces,Faces_207_h,44,Neutral,60.06588579795022,-72.47437774524158,0.2196193265007307,FALSE
6S,22.9596167008898,Female,Faces,Faces_362_v,45,Negative,59.88286969253294,-100,0,FALSE
6S,22.9596167008898,Female,People,People_184_h,46,Neutral,65.37335285505124,100,59.88286969253294,FALSE
6S,22.9596167008898,Female,People,People_227_h,47,Negative,56.58857979502196,-100,0,FALSE
6S,22.9596167008898,Female,Faces,Faces_371_v,48,Negative,60.06588579795022,-97.36456808199121,0,TRUE
7S,19.84120465434634,Female,Faces,Faces_362_v,1,Negative,50,-6.770833333333343,0,TRUE
7S,19.84120465434634,Female,People,People_163_v,2,Neutral,50.78125,-2.604166666666657,0,TRUE
7S,19.84120465434634,Female,People,People_038_h,3,Negative,71.35416666666667,-60.41666666666667,21.61458333333334,TRUE
7S,19.84120465434634,Female,People,People_220_h,4,Negative,64.0625,-63.54166666666667,0,FALSE
7S,19.84120465434634,Female,Faces,Faces_196_h,5,Neutral,50.52083333333333,0,0,FALSE
7S,19.84120465434634,Female,People,People_208_h,6,Negative,68.75,-79.16666666666667,0,FALSE
7S,19.84120465434634,Female,Faces,Faces_371_v,7,Negative,78.38541666666667,-75.52083333333333,0,FALSE
7S,19.84120465434634,Female,Faces,Faces_341_h,8,Neutral,51.5625,1.041666666666657,0,TRUE
7S,19.84120465434634,Female,People,People_056_h,9,Neutral,48.17708333333333,-1.5625,1.041666666666663,FALSE
7S,19.84120465434634,Female,People,People_158_h,10,Neutral,51.5625,8.333333333333343,63.28125,FALSE
7S,19.84120465434634,Female,Faces,Faces_170_h,11,Negative,51.82291666666667,-7.291666666666657,0,TRUE
7S,19.84120465434634,Female,People,People_063_h,12,Neutral,18.48958333333334,0.5208333333333428,0,FALSE
7S,19.84120465434634,Female,Faces,Faces_251_v,13,Neutral,33.33333333333333,17.70833333333334,0,TRUE
7S,19.84120465434634,Female,Faces,Faces_365_v,14,Negative,99.73958333333333,-100,0,TRUE
7S,19.84120465434634,Female,People,People_237_h,15,Negative,97.13541666666667,-100,0,TRUE
7S,19.84120465434634,Female,Faces,Faces_057_h,16,Neutral,52.60416666666667,10.9375,60.41666666666667,FALSE
7S,19.84120465434634,Female,People,People_148_h,17,Neutral,55.20833333333333,14.58333333333334,59.89583333333333,FALSE
7S,19.84120465434634,Female,Faces,Faces_315_h,18,Neutral,50,16.14583333333334,19.01041666666666,TRUE
7S,19.84120465434634,Female,Faces,Faces_149_v,19,Negative,71.61458333333333,-83.85416666666667,0,FALSE
7S,19.84120465434634,Female,Faces,Faces_207_h,20,Neutral,50,-1.041666666666657,15.88541666666666,FALSE
7S,19.84120465434634,Female,People,People_102_h,21,Neutral,60.9375,29.16666666666666,63.28125,FALSE
7S,19.84120465434634,Female,Faces,Faces_319_v,22,Neutral,51.04166666666667,13.02083333333334,60.67708333333333,FALSE
7S,19.84120465434634,Female,People,People_238_h,23,Negative,100,-100,0,TRUE
7S,19.84120465434634,Female,Faces,Faces_016_h,24,Negative,50.52083333333333,-38.02083333333335,0,TRUE
7S,19.84120465434634,Female,Faces,Faces_367_h,25,Negative,61.71875,-9.895833333333343,0,TRUE
7S,19.84120465434634,Female,Faces,Faces_366_h,26,Negative,55.20833333333333,-23.95833333333334,0,FALSE
7S,19.84120465434634,Female,Faces,Faces_064_h,27,Neutral,35.67708333333333,30.72916666666666,53.125,FALSE
7S,19.84120465434634,Female,Faces,Faces_195_v,28,Neutral,61.97916666666667,-19.27083333333334,0,TRUE
7S,19.84120465434634,Female,Faces,Faces_343_h,29,Neutral,52.86458333333333,33.85416666666666,0,TRUE
7S,19.84120465434634,Female,Faces,Faces_172_h,30,Negative,73.17708333333333,-67.70833333333333,0,FALSE
7S,19.84120465434634,Female,Faces,Faces_293_h,31,Negative,36.71875,0,0,TRUE
7S,19.84120465434634,Female,People,People_097_h,32,Neutral,47.13541666666667,-13.54166666666666,0,FALSE
7S,19.84120465434634,Female,People,People_211_v,33,Negative,63.54166666666667,-75.52083333333333,0,TRUE
7S,19.84120465434634,Female,Faces,Faces_224_h,34,Neutral,11.45833333333334,-1.041666666666657,0,FALSE
7S,19.84120465434634,Female,People,People_222_h,35,Negative,76.5625,-100,0,FALSE
7S,19.84120465434634,Female,People,People_104_h,36,Neutral,9.635416666666663,2.083333333333343,0,TRUE
7S,19.84120465434634,Female,Faces,Faces_010_h,37,Negative,72.39583333333333,-100,0,FALSE
7S,19.84120465434634,Female,People,People_128_h,38,Negative,61.19791666666667,9.375,0,TRUE
7S,19.84120465434634,Female,People,People_114_h,39,Neutral,54.94791666666667,30.20833333333334,0,FALSE
7S,19.84120465434634,Female,People,People_246_h,40,Negative,34.89583333333333,-13.02083333333334,0,TRUE
7S,19.84120465434634,Female,Faces,Faces_364_v,41,Negative,100,-100,0,TRUE
7S,19.84120465434634,Female,People,People_201_v,42,Negative,67.70833333333333,-100,0,FALSE
7S,19.84120465434634,Female,People,People_184_h,43,Neutral,23.4375,2.083333333333343,0,TRUE
7S,19.84120465434634,Female,Faces,Faces_045_h,44,Neutral,50.52083333333333,-0.5208333333333428,0,TRUE
7S,19.84120465434634,Female,People,People_149_h,45,Neutral,61.97916666666667,-60.41666666666667,0,TRUE
7S,19.84120465434634,Female,People,People_227_h,46,Negative,74.73958333333333,-100,0,FALSE
7S,19.84120465434634,Female,People,People_138_h,47,Neutral,30.98958333333333,1.041666666666657,53.38541666666667,TRUE
7S,19.84120465434634,Female,People,People_226_h,48,Negative,70.83333333333333,-100,0,TRUE
8S,20.12594113620808,Female,Faces,Faces_364_v,1,Negative,29.42708333333333,-88.02083333333333,0,FALSE
8S,20.12594113620808,Female,People,People_114_h,2,Neutral,32.29166666666667,42.1875,10.67708333333334,FALSE
8S,20.12594113620808,Female,People,People_184_h,3,Neutral,55.20833333333333,55.72916666666666,73.4375,FALSE
8S,20.12594113620808,Female,People,People_104_h,4,Neutral,32.29166666666667,30.20833333333334,7.552083333333337,FALSE
8S,20.12594113620808,Female,People,People_220_h,5,Negative,20.57291666666666,-56.25,0,FALSE
8S,20.12594113620808,Female,Faces,Faces_196_h,6,Neutral,5.989583333333337,-1.5625,21.61458333333334,FALSE
8S,20.12594113620808,Female,Faces,Faces_172_h,7,Negative,35.9375,-79.16666666666667,0,FALSE
8S,20.12594113620808,Female,People,People_149_h,8,Neutral,24.47916666666666,17.70833333333334,5.46875,FALSE
8S,20.12594113620808,Female,People,People_063_h,9,Neutral,14.32291666666666,30.72916666666666,5.989583333333337,FALSE
8S,20.12594113620808,Female,People,People_201_v,10,Negative,77.60416666666667,-78.64583333333333,59.375,FALSE
8S,20.12594113620808,Female,Faces,Faces_207_h,11,Neutral,63.54166666666667,-13.02083333333334,66.14583333333333,FALSE
8S,20.12594113620808,Female,Faces,Faces_293_h,12,Negative,33.85416666666667,-65.625,5.46875,FALSE
8S,20.12594113620808,Female,Faces,Faces_170_h,13,Negative,30.98958333333333,-17.70833333333334,19.27083333333334,FALSE
8S,20.12594113620808,Female,Faces,Faces_149_v,14,Negative,58.07291666666667,-69.27083333333333,0,FALSE
8S,20.12594113620808,Female,Faces,Faces_367_h,15,Negative,71.875,-85.41666666666667,16.40625,FALSE
8S,20.12594113620808,Female,People,People_158_h,16,Neutral,64.0625,56.77083333333334,77.60416666666667,TRUE
8S,20.12594113620808,Female,People,People_222_h,17,Negative,31.77083333333333,-34.89583333333334,1.302083333333337,FALSE
8S,20.12594113620808,Female,People,People_138_h,18,Neutral,28.64583333333333,32.8125,69.27083333333333,FALSE
8S,20.12594113620808,Female,Faces,Faces_343_h,19,Neutral,21.09375,9.375,9.895833333333337,FALSE
8S,20.12594113620808,Female,Faces,Faces_371_v,20,Negative,55.72916666666667,-71.35416666666667,0,FALSE
8S,20.12594113620808,Female,People,People_238_h,21,Negative,78.64583333333333,-100,71.61458333333333,FALSE
8S,20.12594113620808,Female,Faces,Faces_319_v,22,Neutral,10.15625,0.5208333333333428,56.25,FALSE
8S,20.12594113620808,Female,People,People_237_h,23,Negative,71.875,-74.47916666666667,0,FALSE
8S,20.12594113620808,Female,People,People_163_v,24,Neutral,32.8125,-13.02083333333334,21.61458333333334,FALSE
8S,20.12594113620808,Female,People,People_148_h,25,Neutral,44.53125,40.625,68.48958333333333,TRUE
8S,20.12594113620808,Female,Faces,Faces_362_v,26,Negative,37.23958333333333,-63.54166666666667,7.552083333333337,FALSE
8S,20.12594113620808,Female,Faces,Faces_057_h,27,Neutral,69.53125,59.89583333333334,91.40625,TRUE
8S,20.12594113620808,Female,People,People_097_h,28,Neutral,25.52083333333333,-1.041666666666657,2.083333333333337,TRUE
8S,20.12594113620808,Female,People,People_208_h,29,Negative,70.3125,-81.77083333333333,7.8125,FALSE
8S,20.12594113620808,Female,Faces,Faces_195_v,30,Neutral,22.91666666666666,9.895833333333343,8.333333333333337,FALSE
8S,20.12594113620808,Female,Faces,Faces_045_h,31,Neutral,60.41666666666667,72.91666666666666,81.51041666666667,FALSE
8S,20.12594113620808,Female,Faces,Faces_224_h,32,Neutral,41.40625,27.60416666666666,55.72916666666667,TRUE
8S,20.12594113620808,Female,Faces,Faces_010_h,33,Negative,58.85416666666667,-35.41666666666666,0.78125,FALSE
8S,20.12594113620808,Female,Faces,Faces_341_h,34,Neutral,26.5625,14.58333333333334,16.66666666666666,FALSE
8S,20.12594113620808,Female,People,People_211_v,35,Negative,75,-87.5,0.520833333333337,FALSE
8S,20.12594113620808,Female,Faces,Faces_315_h,36,Neutral,60.67708333333333,16.66666666666666,66.40625,FALSE
8S,20.12594113620808,Female,Faces,Faces_366_h,37,Negative,56.25,-75.52083333333333,0,TRUE
8S,20.12594113620808,Female,Faces,Faces_365_v,38,Negative,39.0625,-36.45833333333335,0,FALSE
8S,20.12594113620808,Female,People,People_102_h,39,Neutral,20.3125,10.41666666666666,5.729166666666663,FALSE
8S,20.12594113620808,Female,Faces,Faces_016_h,40,Negative,53.125,-82.8125,0,FALSE
8S,20.12594113620808,Female,People,People_128_h,41,Negative,58.85416666666667,33.33333333333334,0,TRUE
8S,20.12594113620808,Female,People,People_056_h,42,Neutral,8.333333333333337,1.5625,6.25,FALSE
8S,20.12594113620808,Female,People,People_246_h,43,Negative,35.67708333333333,-13.02083333333334,4.947916666666663,TRUE
8S,20.12594113620808,Female,People,People_227_h,44,Negative,35.41666666666667,-10.41666666666666,55.98958333333333,TRUE
8S,20.12594113620808,Female,People,People_226_h,45,Negative,77.34375,-70.3125,60.67708333333333,TRUE
8S,20.12594113620808,Female,People,People_038_h,46,Negative,40.88541666666667,-21.35416666666666,0,TRUE
8S,20.12594113620808,Female,Faces,Faces_064_h,47,Neutral,40.36458333333333,28.125,83.33333333333333,TRUE
8S,20.12594113620808,Female,Faces,Faces_251_v,48,Neutral,15.10416666666666,-0.5208333333333428,2.864583333333337,TRUE
9S,18.5242984257358,Female,Faces,Faces_057_h,1,Neutral,49.45095168374818,36.96925329428987,8.821376281112736,FALSE
9S,18.5242984257358,Female,People,People_148_h,2,Neutral,59.88286969253294,65.51976573938506,61.16398243045389,FALSE
9S,18.5242984257358,Female,Faces,Faces_362_v,3,Negative,48.71888726207907,-27.08638360175696,0.2196193265007307,TRUE
9S,18.5242984257358,Female,Faces,Faces_367_h,4,Negative,99.59736456808199,-83.82137628111275,6.625183016105418,FALSE
9S,18.5242984257358,Female,Faces,Faces_371_v,5,Negative,99.04831625183017,-84.91947291361639,9.919472913616401,FALSE
9S,18.5242984257358,Female,Faces,Faces_172_h,6,Negative,67.02049780380675,-25.98828696925328,50.18301610541727,FALSE
9S,18.5242984257358,Female,Faces,Faces_045_h,7,Neutral,0,-1.098096632503641,65.73938506588578,FALSE
9S,18.5242984257358,Female,People,People_163_v,8,Neutral,56.40556368960468,-19.03367496339676,10.28550512445095,TRUE
9S,18.5242984257358,Female,People,People_227_h,9,Negative,28.22108345534406,-9.150805270863856,0,FALSE
9S,18.5242984257358,Female,Faces,Faces_343_h,10,Neutral,29.31918008784773,-1.464128843338216,0,TRUE
9S,18.5242984257358,Female,People,People_158_h,11,Neutral,46.70571010248903,38.43338213762812,0.2196193265007307,FALSE
9S,18.5242984257358,Female,People,People_226_h,12,Negative,99.96339677891655,-76.13469985358712,33.71156661786237,FALSE
9S,18.5242984257358,Female,People,People_128_h,13,Negative,99.59736456808199,2.928257686676432,55.4904831625183,FALSE
9S,18.5242984257358,Female,Faces,Faces_364_v,14,Negative,100,-100,10.10248901903368,FALSE
9S,18.5242984257358,Female,Faces,Faces_224_h,15,Neutral,0,100,0,FALSE
9S,18.5242984257358,Female,Faces,Faces_010_h,16,Negative,15.22693997071742,-4.758418740849194,0,FALSE
9S,18.5242984257358,Female,Faces,Faces_251_v,17,Neutral,61.89604685212298,43.55783308931188,73.06002928257686,FALSE
9S,18.5242984257358,Female,Faces,Faces_366_h,18,Negative,73.60907759882869,58.56515373352855,100,FALSE
9S,18.5242984257358,Female,Faces,Faces_170_h,19,Negative,88.25036603221083,55.63689604685212,0,FALSE
9S,18.5242984257358,Female,People,People_114_h,20,Neutral,67.02049780380675,58.93118594436308,64.45827232796486,FALSE
9S,18.5242984257358,Female,People,People_237_h,21,Negative,98.86530014641288,-71.01024890190337,0.4026354319180081,FALSE
9S,18.5242984257358,Female,People,People_097_h,22,Neutral,0,0.7320644216691079,0,TRUE
9S,18.5242984257358,Female,People,People_102_h,23,Neutral,87.15226939970717,100,78.1844802342606,FALSE
9S,18.5242984257358,Female,Faces,Faces_207_h,24,Neutral,100,100,100,FALSE
9S,18.5242984257358,Female,People,People_246_h,25,Negative,87.33528550512446,42.45973645680817,0,FALSE
9S,18.5242984257358,Female,Faces,Faces_315_h,26,Neutral,0,100,68.8506588579795,FALSE
9S,18.5242984257358,Female,Faces,Faces_341_h,27,Neutral,57.86969253294289,39.5314787701318,76.35431918008784,FALSE
9S,18.5242984257358,Female,Faces,Faces_196_h,28,Neutral,0.7686676427525629,65.8857979502196,0,FALSE
9S,18.5242984257358,Female,Faces,Faces_365_v,29,Negative,100,-100,0.2196193265007307,FALSE
9S,18.5242984257358,Female,Faces,Faces_064_h,30,Neutral,62.81112737920937,62.2254758418741,100,FALSE
9S,18.5242984257358,Female,People,People_211_v,31,Negative,20.53440702781845,0,0,FALSE
9S,18.5242984257358,Female,People,People_238_h,32,Negative,100,-100,75.2562225475842,FALSE
9S,18.5242984257358,Female,People,People_208_h,33,Negative,22.18155197657394,1.464128843338216,0,FALSE
9S,18.5242984257358,Female,People,People_149_h,34,Neutral,0,100,47.07174231332358,FALSE
9S,18.5242984257358,Female,People,People_138_h,35,Neutral,49.45095168374818,100,0,TRUE
9S,18.5242984257358,Female,People,People_038_h,36,Negative,90.44655929721816,-100,100,FALSE
9S,18.5242984257358,Female,Faces,Faces_149_v,37,Negative,99.96339677891655,-100,64.0922401171303,FALSE
9S,18.5242984257358,Female,Faces,Faces_319_v,38,Neutral,0,0.7320644216691079,67.75256222547583,FALSE
9S,18.5242984257358,Female,Faces,Faces_195_v,39,Neutral,0,59.29721815519767,0.9516837481698404,FALSE
9S,18.5242984257358,Female,People,People_220_h,40,Negative,100,20.13177159590045,100,TRUE
9S,18.5242984257358,Female,People,People_056_h,41,Neutral,0,55.27086383601758,0,FALSE
9S,18.5242984257358,Female,Faces,Faces_016_h,42,Negative,100,9.882869692532964,0,TRUE
9S,18.5242984257358,Female,People,People_201_v,43,Negative,54.94143484626648,-0.3660322108345326,62.99414348462664,TRUE
9S,18.5242984257358,Female,People,People_104_h,44,Neutral,0,0.3660322108345326,100,FALSE
9S,18.5242984257358,Female,People,People_184_h,45,Neutral,65.55636896046852,97.73060029282576,100,TRUE
9S,18.5242984257358,Female,Faces,Faces_293_h,46,Negative,27.67203513909224,-44.28989751098098,0.4026354319180081,TRUE
9S,18.5242984257358,Female,People,People_063_h,47,Neutral,0,100,100,TRUE
9S,18.5242984257358,Female,People,People_222_h,48,Negative,62.07906295754027,-20.13177159590045,63.17715959004393,FALSE
10S,18.86926762491444,Female,People,People_238_h,1,Negative,88.80208333333333,-97.91666666666667,74.73958333333333,FALSE
10S,18.86926762491444,Female,Faces,Faces_224_h,2,Neutral,27.08333333333333,33.33333333333334,81.77083333333333,TRUE
10S,18.86926762491444,Female,Faces,Faces_196_h,3,Neutral,17.70833333333334,2.083333333333343,11.97916666666666,FALSE
10S,18.86926762491444,Female,Faces,Faces_010_h,4,Negative,71.61458333333333,40.10416666666666,77.08333333333333,FALSE
10S,18.86926762491444,Female,People,People_184_h,5,Neutral,63.28125,63.02083333333334,64.0625,FALSE
10S,18.86926762491444,Female,People,People_138_h,6,Neutral,82.03125,-49.47916666666665,100,TRUE
10S,18.86926762491444,Female,People,People_158_h,7,Neutral,67.70833333333333,51.5625,76.04166666666667,FALSE
10S,18.86926762491444,Female,People,People_056_h,8,Neutral,28.38541666666667,21.875,38.54166666666667,FALSE
10S,18.86926762491444,Female,People,People_237_h,9,Negative,100,-96.875,16.40625,FALSE
10S,18.86926762491444,Female,Faces,Faces_315_h,10,Neutral,69.53125,52.60416666666666,78.64583333333333,FALSE
10S,18.86926762491444,Female,Faces,Faces_319_v,11,Neutral,15.88541666666666,43.75,76.04166666666667,FALSE
10S,18.86926762491444,Female,People,People_163_v,12,Neutral,67.96875,-46.875,83.59375,FALSE
10S,18.86926762491444,Female,Faces,Faces_251_v,13,Neutral,69.01041666666667,77.08333333333334,69.27083333333333,FALSE
10S,18.86926762491444,Female,People,People_149_h,14,Neutral,61.45833333333333,-24.47916666666666,32.55208333333333,FALSE
10S,18.86926762491444,Female,People,People_038_h,15,Negative,91.14583333333333,0,77.60416666666667,TRUE
10S,18.86926762491444,Female,Faces,Faces_364_v,16,Negative,100,-95.3125,58.07291666666667,FALSE
10S,18.86926762491444,Female,Faces,Faces_343_h,17,Neutral,20.05208333333334,34.89583333333334,28.64583333333333,FALSE
10S,18.86926762491444,Female,Faces,Faces_149_v,18,Negative,87.76041666666667,-80.72916666666667,29.42708333333333,FALSE
10S,18.86926762491444,Female,Faces,Faces_365_v,19,Negative,63.54166666666667,-43.75,0,TRUE
10S,18.86926762491444,Female,Faces,Faces_170_h,20,Negative,65.88541666666667,-30.20833333333334,86.97916666666667,TRUE
10S,18.86926762491444,Female,Faces,Faces_293_h,21,Negative,68.48958333333333,-27.08333333333334,73.17708333333333,FALSE
10S,18.86926762491444,Female,Faces,Faces_362_v,22,Negative,83.59375,-85.41666666666667,82.29166666666667,TRUE
10S,18.86926762491444,Female,People,People_220_h,23,Negative,99.47916666666667,-97.91666666666667,16.66666666666666,FALSE
10S,18.86926762491444,Female,People,People_128_h,24,Negative,78.125,50,37.5,TRUE
10S,18.86926762491444,Female,People,People_148_h,25,Neutral,79.42708333333333,75.52083333333334,100,FALSE
10S,18.86926762491444,Female,People,People_227_h,26,Negative,88.28125,-80.72916666666667,20.05208333333334,FALSE
10S,18.86926762491444,Female,People,People_114_h,27,Neutral,63.80208333333333,42.70833333333334,67.44791666666667,FALSE
10S,18.86926762491444,Female,Faces,Faces_207_h,28,Neutral,70.57291666666667,-37.5,100,FALSE
10S,18.86926762491444,Female,Faces,Faces_366_h,29,Negative,88.28125,-72.39583333333333,12.76041666666666,FALSE
10S,18.86926762491444,Female,Faces,Faces_371_v,30,Negative,67.44791666666667,-60.9375,22.39583333333334,TRUE
10S,18.86926762491444,Female,Faces,Faces_045_h,31,Neutral,57.55208333333333,56.25,91.40625,FALSE
10S,18.86926762491444,Female,People,People_211_v,32,Negative,86.71875,-79.6875,11.97916666666666,TRUE
10S,18.86926762491444,Female,People,People_208_h,33,Negative,85.41666666666667,-78.64583333333333,67.44791666666667,FALSE
10S,18.86926762491444,Female,Faces,Faces_064_h,34,Neutral,30.46875,38.54166666666666,77.86458333333333,TRUE
10S,18.86926762491444,Female,Faces,Faces_172_h,35,Negative,86.19791666666667,-70.3125,75.78125,FALSE
10S,18.86926762491444,Female,People,People_226_h,36,Negative,80.46875,-98.95833333333333,75.78125,TRUE
10S,18.86926762491444,Female,Faces,Faces_057_h,37,Neutral,26.5625,19.27083333333334,77.60416666666667,TRUE
10S,18.86926762491444,Female,Faces,Faces_367_h,38,Negative,100,-100,79.16666666666667,TRUE
10S,18.86926762491444,Female,Faces,Faces_016_h,39,Negative,62.76041666666667,-15.625,21.61458333333334,FALSE
10S,18.86926762491444,Female,People,People_201_v,40,Negative,78.38541666666667,-52.08333333333333,76.5625,FALSE
10S,18.86926762491444,Female,Faces,Faces_195_v,41,Neutral,66.66666666666667,-29.6875,100,TRUE
10S,18.86926762491444,Female,People,People_246_h,42,Negative,72.39583333333333,-40.625,27.08333333333333,FALSE
10S,18.86926762491444,Female,People,People_222_h,43,Negative,87.76041666666667,-78.64583333333333,76.5625,FALSE
10S,18.86926762491444,Female,People,People_097_h,44,Neutral,75.26041666666667,-30.72916666666666,100,TRUE
10S,18.86926762491444,Female,People,People_102_h,45,Neutral,22.91666666666666,52.60416666666666,70.05208333333333,FALSE
10S,18.86926762491444,Female,People,People_063_h,46,Neutral,57.8125,57.29166666666666,80.98958333333333,TRUE
10S,18.86926762491444,Female,Faces,Faces_341_h,47,Neutral,73.95833333333333,99.47916666666666,90.10416666666667,TRUE
10S,18.86926762491444,Female,People,People_104_h,48,Neutral,39.0625,36.97916666666666,31.77083333333333,TRUE
11S,21.30869267624914,Female,People,People_238_h,1,Negative,64.0922401171303,5.490483162518302,0.5856515373352855,FALSE
11S,21.30869267624914,Female,Faces,Faces_341_h,2,Neutral,5.710102489019031,36.60322108345534,0,FALSE
11S,21.30869267624914,Female,Faces,Faces_064_h,3,Neutral,7.17423133235725,1.098096632503641,0,FALSE
11S,21.30869267624914,Female,Faces,Faces_371_v,4,Negative,70.31478770131771,-71.74231332357249,0,FALSE
11S,21.30869267624914,Female,People,People_237_h,5,Negative,44.87554904831625,-12.44509516837482,0,FALSE
11S,21.30869267624914,Female,Faces,Faces_170_h,6,Negative,9.553440702781845,-6.588579795021943,0,FALSE
11S,21.30869267624914,Female,Faces,Faces_195_v,7,Neutral,55.4904831625183,0,62.81112737920937,FALSE
11S,21.30869267624914,Female,People,People_148_h,8,Neutral,0,2.928257686676432,27.1229868228404,FALSE
11S,21.30869267624914,Female,Faces,Faces_367_h,9,Negative,88.4333821376281,-93.70424597364568,0,FALSE
11S,21.30869267624914,Female,Faces,Faces_251_v,10,Neutral,12.11566617862372,-18.66764275256223,0,FALSE
11S,21.30869267624914,Female,People,People_227_h,11,Negative,73.60907759882869,-25.25622254758417,0,FALSE
11S,21.30869267624914,Female,People,People_220_h,12,Negative,79.09956076134699,-98.09663250366032,0,TRUE
11S,21.30869267624914,Female,Faces,Faces_196_h,13,Neutral,14.86090775988287,0.3660322108345326,0,FALSE
11S,21.30869267624914,Female,Faces,Faces_362_v,14,Negative,56.40556368960468,-100,0,TRUE
11S,21.30869267624914,Female,People,People_114_h,15,Neutral,48.90190336749634,-78.69692532942898,50,FALSE
11S,21.30869267624914,Female,Faces,Faces_319_v,16,Neutral,5.527086383601754,1.830161054172748,7.17423133235725,FALSE
11S,21.30869267624914,Female,People,People_208_h,17,Negative,75.80527086383601,-100,16.87408491947291,TRUE
11S,21.30869267624914,Female,Faces,Faces_293_h,18,Negative,12.66471449487555,-50.87847730600292,2.232796486090771,FALSE
11S,21.30869267624914,Female,People,People_097_h,19,Neutral,8.638360175695459,-6.22254758418741,11.74963396778916,FALSE
11S,21.30869267624914,Female,Faces,Faces_045_h,20,Neutral,0.5856515373352855,1.464128843338216,0.9516837481698404,FALSE
11S,21.30869267624914,Female,People,People_149_h,21,Neutral,4.978038067349921,-42.09370424597365,43.59443631039532,FALSE
11S,21.30869267624914,Female,Faces,Faces_010_h,22,Negative,64.82430453879941,-95.53440702781846,0,FALSE
11S,21.30869267624914,Female,People,People_063_h,23,Neutral,14.31185944363104,1.098096632503641,73.42606149341142,TRUE
11S,21.30869267624914,Female,People,People_201_v,24,Negative,55.12445095168375,-100,0,TRUE
11S,21.30869267624914,Female,People,People_184_h,25,Neutral,33.34553440702781,17.93557833089312,52.3792093704246,TRUE
11S,21.30869267624914,Female,People,People_128_h,26,Negative,61.53001464128845,-88.21376281112738,0.2196193265007307,TRUE
11S,21.30869267624914,Female,Faces,Faces_343_h,27,Neutral,27.48901903367496,-2.562225475841856,62.62811127379209,FALSE
11S,21.30869267624914,Female,Faces,Faces_364_v,28,Negative,80.38067349926794,-100,0,FALSE
11S,21.30869267624914,Female,People,People_038_h,29,Negative,53.11127379209371,-87.84773060029283,0,FALSE
11S,21.30869267624914,Female,People,People_246_h,30,Negative,26.20790629575403,-64.78770131771597,0,FALSE
11S,21.30869267624914,Female,People,People_158_h,31,Neutral,1.134699853587118,-0.7320644216691079,0,FALSE
11S,21.30869267624914,Female,Faces,Faces_016_h,32,Negative,10.46852122986823,0,2.598828696925326,TRUE
11S,21.30869267624914,Female,Faces,Faces_315_h,33,Neutral,18.88726207906296,2.196193265007324,0,FALSE
11S,21.30869267624914,Female,People,People_056_h,34,Neutral,4.978038067349921,-1.464128843338216,0.7686676427525629,FALSE
11S,21.30869267624914,Female,People,People_226_h,35,Negative,60.79795021961934,-100,0,TRUE
11S,21.30869267624914,Female,People,People_211_v,36,Negative,55.85651537335286,-71.74231332357249,0,FALSE
11S,21.30869267624914,Female,People,People_163_v,37,Neutral,0,-1.830161054172748,60.79795021961934,TRUE
11S,21.30869267624914,Female,People,People_102_h,38,Neutral,18.70424597364568,48.6822840409956,47.80380673499267,FALSE
11S,21.30869267624914,Female,People,People_104_h,39,Neutral,6.625183016105418,2.562225475841856,5.527086383601754,FALSE
11S,21.30869267624914,Female,Faces,Faces_149_v,40,Negative,55.12445095168375,-100,0,TRUE
11S,21.30869267624914,Female,Faces,Faces_207_h,41,Neutral,0.2196193265007307,20.13177159590045,8.821376281112736,FALSE
11S,21.30869267624914,Female,Faces,Faces_172_h,42,Negative,25.10980966325036,-100,0,FALSE
11S,21.30869267624914,Female,Faces,Faces_365_v,43,Negative,78.00146412884334,-99.19472913616399,0,TRUE
11S,21.30869267624914,Female,People,People_138_h,44,Neutral,0,1.098096632503641,0,TRUE
11S,21.30869267624914,Female,Faces,Faces_057_h,45,Neutral,2.781844802342603,2.928257686676432,0,TRUE
11S,21.30869267624914,Female,Faces,Faces_224_h,46,Neutral,0,55.27086383601758,50,TRUE
11S,21.30869267624914,Female,People,People_222_h,47,Negative,100,-100,0,TRUE
11S,21.30869267624914,Female,Faces,Faces_366_h,48,Negative,99.41434846266472,-96.6325036603221,0.03660322108345326,FALSE
12S,20.90622861054073,Female,Faces,Faces_207_h,1,Neutral,66.14583333333333,28.64583333333334,66.40625,FALSE
12S,20.90622861054073,Female,People,People_246_h,2,Negative,58.85416666666667,-26.04166666666666,9.114583333333337,FALSE
12S,20.90622861054073,Female,People,People_238_h,3,Negative,84.375,-100,67.1875,TRUE
12S,20.90622861054073,Female,People,People_097_h,4,Neutral,27.60416666666667,6.770833333333343,18.48958333333334,FALSE
12S,20.90622861054073,Female,People,People_149_h,5,Neutral,37.76041666666667,-42.1875,27.34375,FALSE
12S,20.90622861054073,Female,People,People_163_v,6,Neutral,28.125,2.604166666666657,29.42708333333333,TRUE
12S,20.90622861054073,Female,Faces,Faces_064_h,7,Neutral,48.95833333333333,-1.5625,31.51041666666667,FALSE
12S,20.90622861054073,Female,Faces,Faces_362_v,8,Negative,68.22916666666667,-59.375,0,FALSE
12S,20.90622861054073,Female,Faces,Faces_172_h,9,Negative,74.73958333333333,-78.64583333333333,25.78125,FALSE
12S,20.90622861054073,Female,People,People_184_h,10,Neutral,60.67708333333333,44.79166666666666,79.42708333333333,TRUE
12S,20.90622861054073,Female,People,People_114_h,11,Neutral,50.78125,1.041666666666657,55.46875,FALSE
12S,20.90622861054073,Female,Faces,Faces_364_v,12,Negative,96.09375,-84.89583333333333,17.1875,TRUE
12S,20.90622861054073,Female,Faces,Faces_365_v,13,Negative,53.38541666666667,-50.52083333333333,12.23958333333334,FALSE
12S,20.90622861054073,Female,Faces,Faces_149_v,14,Negative,36.45833333333333,-20.83333333333334,17.44791666666666,FALSE
12S,20.90622861054073,Female,People,People_104_h,15,Neutral,48.17708333333333,-2.604166666666657,17.96875,TRUE
12S,20.90622861054073,Female,People,People_201_v,16,Negative,71.875,-82.8125,72.65625,FALSE
12S,20.90622861054073,Female,Faces,Faces_224_h,17,Neutral,50,0,58.07291666666667,FALSE
12S,20.90622861054073,Female,People,People_158_h,18,Neutral,54.6875,48.4375,72.13541666666667,TRUE
12S,20.90622861054073,Female,People,People_038_h,19,Negative,67.44791666666667,-54.6875,66.92708333333333,FALSE
12S,20.90622861054073,Female,People,People_237_h,20,Negative,100,-100,0,TRUE
12S,20.90622861054073,Female,People,People_208_h,21,Negative,92.70833333333333,-86.45833333333333,21.875,FALSE
12S,20.90622861054073,Female,Faces,Faces_343_h,22,Neutral,0,4.6875,27.86458333333333,TRUE
12S,20.90622861054073,Female,Faces,Faces_366_h,23,Negative,70.57291666666667,-46.35416666666665,3.90625,TRUE
12S,20.90622861054073,Female,Faces,Faces_251_v,24,Neutral,38.80208333333333,26.04166666666666,29.42708333333333,FALSE
12S,20.90622861054073,Female,People,People_102_h,25,Neutral,33.59375,2.083333333333343,27.86458333333333,FALSE
12S,20.90622861054073,Female,Faces,Faces_010_h,26,Negative,65.36458333333333,-34.375,61.97916666666667,FALSE
12S,20.90622861054073,Female,People,People_222_h,27,Negative,75,-62.5,14.58333333333334,TRUE
12S,20.90622861054073,Female,Faces,Faces_016_h,28,Negative,51.30208333333333,2.604166666666657,11.19791666666666,TRUE
12S,20.90622861054073,Female,Faces,Faces_315_h,29,Neutral,58.33333333333333,24.47916666666666,75.78125,FALSE
12S,20.90622861054073,Female,People,People_211_v,30,Negative,56.25,-24.47916666666666,11.71875,FALSE
12S,20.90622861054073,Female,People,People_138_h,31,Neutral,86.71875,-75.52083333333333,87.76041666666667,TRUE
12S,20.90622861054073,Female,Faces,Faces_170_h,32,Negative,59.11458333333333,-34.375,64.58333333333333,FALSE
12S,20.90622861054073,Female,Faces,Faces_195_v,33,Neutral,21.875,1.041666666666657,25,FALSE
12S,20.90622861054073,Female,People,People_227_h,34,Negative,57.8125,-31.77083333333334,74.47916666666667,FALSE
12S,20.90622861054073,Female,People,People_056_h,35,Neutral,1.822916666666663,0,4.427083333333337,FALSE
12S,20.90622861054073,Female,Faces,Faces_196_h,36,Neutral,16.40625,2.083333333333343,9.895833333333337,FALSE
12S,20.90622861054073,Female,Faces,Faces_293_h,37,Negative,56.51041666666667,-80.72916666666667,25.52083333333333,FALSE
12S,20.90622861054073,Female,Faces,Faces_367_h,38,Negative,70.83333333333333,-65.10416666666667,4.166666666666663,FALSE
12S,20.90622861054073,Female,People,People_226_h,39,Negative,78.38541666666667,-60.41666666666667,24.47916666666666,TRUE
12S,20.90622861054073,Female,People,People_148_h,40,Neutral,66.92708333333333,71.875,88.02083333333333,FALSE
12S,20.90622861054073,Female,Faces,Faces_319_v,41,Neutral,0,1.041666666666657,58.33333333333333,TRUE
12S,20.90622861054073,Female,Faces,Faces_341_h,42,Neutral,22.13541666666666,0,10.9375,FALSE
12S,20.90622861054073,Female,Faces,Faces_045_h,43,Neutral,48.95833333333333,0,22.65625,FALSE
12S,20.90622861054073,Female,People,People_128_h,44,Negative,77.34375,-61.97916666666667,88.02083333333333,TRUE
12S,20.90622861054073,Female,Faces,Faces_371_v,45,Negative,74.47916666666667,-75,19.01041666666666,TRUE
12S,20.90622861054073,Female,People,People_220_h,46,Negative,66.66666666666667,-61.97916666666667,11.71875,TRUE
12S,20.90622861054073,Female,People,People_063_h,47,Neutral,10.15625,0.5208333333333428,58.07291666666667,FALSE
12S,20.90622861054073,Female,Faces,Faces_057_h,48,Neutral,15.10416666666666,1.041666666666657,17.44791666666666,FALSE
13S,18.31622176591376,Female,Faces,Faces_365_v,1,Negative,82.03125,-88.54166666666667,6.510416666666663,FALSE
13S,18.31622176591376,Female,People,People_149_h,2,Neutral,12.76041666666666,68.22916666666666,82.55208333333333,FALSE
13S,18.31622176591376,Female,People,People_163_v,3,Neutral,11.97916666666666,42.70833333333334,93.22916666666667,FALSE
13S,18.31622176591376,Female,Faces,Faces_366_h,4,Negative,65.10416666666667,-50,34.63541666666667,FALSE
13S,18.31622176591376,Female,Faces,Faces_343_h,5,Neutral,17.1875,63.54166666666666,72.39583333333333,FALSE
13S,18.31622176591376,Female,Faces,Faces_057_h,6,Neutral,9.114583333333337,50.52083333333334,70.05208333333333,FALSE
13S,18.31622176591376,Female,Faces,Faces_172_h,7,Negative,76.04166666666667,-91.14583333333333,91.14583333333333,FALSE
13S,18.31622176591376,Female,Faces,Faces_364_v,8,Negative,83.07291666666667,-100,8.072916666666663,FALSE
13S,18.31622176591376,Female,Faces,Faces_045_h,9,Neutral,51.04166666666667,-49.47916666666665,100,FALSE
13S,18.31622176591376,Female,Faces,Faces_362_v,10,Negative,31.77083333333333,-38.54166666666665,77.08333333333333,TRUE
13S,18.31622176591376,Female,People,People_226_h,11,Negative,76.30208333333333,-62.5,94.53125,TRUE
13S,18.31622176591376,Female,Faces,Faces_367_h,12,Negative,57.8125,-67.70833333333333,11.71875,TRUE
13S,18.31622176591376,Female,People,People_128_h,13,Negative,72.39583333333333,-60.41666666666667,0,FALSE
13S,18.31622176591376,Female,Faces,Faces_293_h,14,Negative,10.67708333333334,2.604166666666657,0,FALSE
13S,18.31622176591376,Female,Faces,Faces_224_h,15,Neutral,0,0,0,FALSE
13S,18.31622176591376,Female,Faces,Faces_315_h,16,Neutral,1.822916666666663,0.5208333333333428,0,FALSE
13S,18.31622176591376,Female,Faces,Faces_149_v,17,Negative,71.35416666666667,-59.89583333333333,1.5625,TRUE
13S,18.31622176591376,Female,Faces,Faces_196_h,18,Neutral,2.604166666666663,25.52083333333334,1.5625,FALSE
13S,18.31622176591376,Female,People,People_208_h,19,Negative,56.25,-17.70833333333334,9.375,FALSE
13S,18.31622176591376,Female,People,People_056_h,20,Neutral,4.947916666666663,0,78.38541666666667,FALSE
13S,18.31622176591376,Female,People,People_184_h,21,Neutral,19.79166666666666,41.66666666666666,72.91666666666667,FALSE
13S,18.31622176591376,Female,People,People_158_h,22,Neutral,59.89583333333333,2.083333333333343,85.41666666666667,TRUE
13S,18.31622176591376,Female,People,People_097_h,23,Neutral,70.05208333333333,2.083333333333343,82.55208333333333,TRUE
13S,18.31622176591376,Female,Faces,Faces_319_v,24,Neutral,66.14583333333333,55.20833333333334,100,TRUE
13S,18.31622176591376,Female,People,People_201_v,25,Negative,69.53125,-70.83333333333333,11.19791666666666,FALSE
13S,18.31622176591376,Female,Faces,Faces_170_h,26,Negative,62.76041666666667,-63.54166666666667,10.15625,FALSE
13S,18.31622176591376,Female,People,People_222_h,27,Negative,48.95833333333333,-58.33333333333333,2.864583333333337,FALSE
13S,18.31622176591376,Female,Faces,Faces_251_v,28,Neutral,60.9375,22.39583333333334,2.34375,TRUE
13S,18.31622176591376,Female,People,People_102_h,29,Neutral,72.65625,94.79166666666666,100,FALSE
13S,18.31622176591376,Female,People,People_104_h,30,Neutral,69.53125,56.77083333333334,75.52083333333333,FALSE
13S,18.31622176591376,Female,Faces,Faces_064_h,31,Neutral,69.79166666666667,62.5,96.35416666666667,FALSE
13S,18.31622176591376,Female,People,People_148_h,32,Neutral,73.69791666666667,-58.85416666666667,92.70833333333333,FALSE
13S,18.31622176591376,Female,People,People_246_h,33,Negative,76.04166666666667,-84.375,2.34375,FALSE
13S,18.31622176591376,Female,People,People_038_h,34,Negative,76.04166666666667,-62.5,78.90625,TRUE
13S,18.31622176591376,Female,Faces,Faces_207_h,35,Neutral,67.70833333333333,-33.85416666666666,79.16666666666667,TRUE
13S,18.31622176591376,Female,People,People_138_h,36,Neutral,0,-0.5208333333333428,0,FALSE
13S,18.31622176591376,Female,Faces,Faces_341_h,37,Neutral,8.072916666666663,33.33333333333334,77.60416666666667,FALSE
13S,18.31622176591376,Female,People,People_238_h,38,Negative,85.15625,-79.16666666666667,1.041666666666663,FALSE
13S,18.31622176591376,Female,People,People_237_h,39,Negative,6.770833333333337,-47.91666666666665,64.32291666666667,FALSE
13S,18.31622176591376,Female,People,People_211_v,40,Negative,71.61458333333333,-83.33333333333333,0,TRUE
13S,18.31622176591376,Female,Faces,Faces_371_v,41,Negative,97.39583333333333,-83.85416666666667,2.864583333333337,TRUE
13S,18.31622176591376,Female,Faces,Faces_016_h,42,Negative,66.14583333333333,-35.41666666666666,0.78125,TRUE
13S,18.31622176591376,Female,People,People_114_h,43,Neutral,81.77083333333333,100,99.73958333333333,TRUE
13S,18.31622176591376,Female,People,People_227_h,44,Negative,64.32291666666667,-75,84.63541666666667,TRUE
13S,18.31622176591376,Female,Faces,Faces_010_h,45,Negative,71.875,-76.5625,75,TRUE
13S,18.31622176591376,Female,People,People_220_h,46,Negative,92.44791666666667,-62.5,0,TRUE
13S,18.31622176591376,Female,People,People_063_h,47,Neutral,75.26041666666667,78.125,87.5,FALSE
13S,18.31622176591376,Female,Faces,Faces_195_v,48,Neutral,87.23958333333333,-53.125,99.73958333333333,TRUE
14S,21.20465434633812,Female,Faces,Faces_293_h,1,Negative,8.638360175695459,0,51.64714494875548,FALSE
14S,21.20465434633812,Female,People,People_038_h,2,Negative,60.79795021961934,-28.91654465592973,0,FALSE
14S,21.20465434633812,Female,People,People_163_v,3,Neutral,19.61932650073206,-52.34260614934114,55.85651537335286,TRUE
14S,21.20465434633812,Female,Faces,Faces_196_h,4,Neutral,37.55490483162518,21.59590043923868,56.58857979502196,TRUE
14S,21.20465434633812,Female,Faces,Faces_364_v,5,Negative,71.59590043923865,-82.35724743777453,1.317715959004395,TRUE
14S,21.20465434633812,Female,People,People_138_h,6,Neutral,5.161054172767199,0.3660322108345326,19.61932650073206,FALSE
14S,21.20465434633812,Female,People,People_114_h,7,Neutral,0.4026354319180081,-0.3660322108345326,0,FALSE
14S,21.20465434633812,Female,People,People_184_h,8,Neutral,0,1.830161054172748,0.4026354319180081,FALSE
14S,21.20465434633812,Female,People,People_211_v,9,Negative,61.71303074670571,-77.23279648609079,0,TRUE
14S,21.20465434633812,Female,Faces,Faces_341_h,10,Neutral,62.26207906295753,63.68960468521232,0,FALSE
14S,21.20465434633812,Female,Faces,Faces_064_h,11,Neutral,38.46998535871155,58.19912152269399,0.4026354319180081,TRUE
14S,21.20465434633812,Female,People,People_226_h,12,Negative,76.53733528550512,-87.84773060029283,1.68374816983895,TRUE
14S,21.20465434633812,Female,People,People_238_h,13,Negative,89.53147877013177,-100,0.2196193265007307,TRUE
14S,21.20465434633812,Female,People,People_149_h,14,Neutral,0,-1.464128843338216,0,FALSE
14S,21.20465434633812,Female,People,People_222_h,15,Negative,69.39970717423134,-42.45973645680819,1.134699853587118,FALSE
14S,21.20465434633812,Female,People,People_208_h,16,Negative,59.88286969253294,-64.42166910688141,0,FALSE
14S,21.20465434633812,Female,People,People_227_h,17,Negative,61.53001464128845,-84.55344070278184,0.7686676427525629,FALSE
14S,21.20465434633812,Female,People,People_063_h,18,Neutral,28.22108345534406,49.04831625183016,2.415812591508049,FALSE
14S,21.20465434633812,Female,Faces,Faces_016_h,19,Negative,50,-34.7730600292826,0,TRUE
14S,21.20465434633812,Female,Faces,Faces_367_h,20,Negative,74.89019033674964,-77.96486090775988,0,FALSE
14S,21.20465434633812,Female,Faces,Faces_343_h,21,Neutral,12.84773060029283,0,0.7686676427525629,FALSE
14S,21.20465434633812,Female,People,People_158_h,22,Neutral,17.42313323572474,20.86383601756955,0,TRUE
14S,21.20465434633812,Female,Faces,Faces_057_h,23,Neutral,11.20058565153733,20.49780380673498,0,FALSE
14S,21.20465434633812,Female,People,People_148_h,24,Neutral,0.5856515373352855,0.3660322108345326,0.03660322108345326,TRUE
14S,21.20465434633812,Female,Faces,Faces_319_v,25,Neutral,29.68521229868228,36.23718887262078,0,TRUE
14S,21.20465434633812,Female,People,People_056_h,26,Neutral,24.56076134699854,-1.830161054172748,0,FALSE
14S,21.20465434633812,Female,Faces,Faces_365_v,27,Negative,66.28843338213764,-54.53879941434847,0,TRUE
14S,21.20465434633812,Female,Faces,Faces_371_v,28,Negative,84.95607613469984,-95.53440702781846,0,TRUE
14S,21.20465434633812,Female,People,People_201_v,29,Negative,37.55490483162518,-40.99560761346996,21.81551976573939,TRUE
14S,21.20465434633812,Female,Faces,Faces_362_v,30,Negative,52.56222547584188,-32.57686676427527,0.5856515373352855,FALSE
14S,21.20465434633812,Female,People,People_128_h,31,Negative,46.15666178623719,-30.38067349926794,0,FALSE
14S,21.20465434633812,Female,Faces,Faces_149_v,32,Negative,90.08052708638361,-81.62518301610541,0,FALSE
14S,21.20465434633812,Female,Faces,Faces_207_h,33,Neutral,39.0190336749634,21.22986822840409,0,FALSE
14S,21.20465434633812,Female,Faces,Faces_366_h,34,Negative,77.08638360175695,-56.00292825768667,0,FALSE
14S,21.20465434633812,Female,People,People_102_h,35,Neutral,8.089311859443626,4.026354319180086,0,FALSE
14S,21.20465434633812,Female,People,People_237_h,36,Negative,62.44509516837482,-61.12737920937042,0.03660322108345326,TRUE
14S,21.20465434633812,Female,People,People_220_h,37,Negative,75.2562225475842,-61.12737920937042,0,FALSE
14S,21.20465434633812,Female,Faces,Faces_195_v,38,Neutral,27.30600292825769,24.15812591508053,0,TRUE
14S,21.20465434633812,Female,Faces,Faces_315_h,39,Neutral,50,-1.830161054172748,0,FALSE
14S,21.20465434633812,Female,People,People_104_h,40,Neutral,0,1.464128843338216,0,FALSE
14S,21.20465434633812,Female,Faces,Faces_010_h,41,Negative,61.34699853587116,-40.2635431918009,0.2196193265007307,FALSE
14S,21.20465434633812,Female,People,People_097_h,42,Neutral,34.992679355783316,4.026354319180086,0,FALSE
14S,21.20465434633812,Female,Faces,Faces_172_h,43,Negative,0,-20.13177159590045,0,TRUE
14S,21.20465434633812,Female,Faces,Faces_045_h,44,Neutral,19.43631039531479,1.098096632503641,0,TRUE
14S,21.20465434633812,Female,Faces,Faces_224_h,45,Neutral,18.15519765739385,50.5124450951684,0,FALSE
14S,21.20465434633812,Female,Faces,Faces_170_h,46,Negative,25.6588579795022,-30.74670571010247,0,TRUE
14S,21.20465434633812,Female,Faces,Faces_251_v,47,Neutral,21.63250366032211,0,0,FALSE
14S,21.20465434633812,Female,People,People_246_h,48,Negative,59.51683748169838,-72.84040995607612,0,FALSE
15S,21.62628336755647,Female,Faces,Faces_341_h,1,Neutral,46.875,30.72916666666666,62.23958333333333,TRUE
15S,21.62628336755647,Female,People,People_246_h,2,Negative,57.03125,-26.04166666666666,0,FALSE
15S,21.62628336755647,Female,People,People_158_h,3,Neutral,17.1875,-2.604166666666657,18.22916666666666,TRUE
15S,21.62628336755647,Female,Faces,Faces_343_h,4,Neutral,15.625,-2.604166666666657,13.28125,TRUE
15S,21.62628336755647,Female,Faces,Faces_371_v,5,Negative,72.65625,-67.70833333333333,34.11458333333333,FALSE
15S,21.62628336755647,Female,Faces,Faces_064_h,6,Neutral,49.21875,-1.5625,63.80208333333333,TRUE
15S,21.62628336755647,Female,People,People_104_h,7,Neutral,49.73958333333333,2.083333333333343,56.77083333333333,FALSE
15S,21.62628336755647,Female,Faces,Faces_293_h,8,Negative,26.04166666666667,3.125,23.17708333333334,FALSE
15S,21.62628336755647,Female,People,People_226_h,9,Negative,69.53125,-71.35416666666667,16.14583333333334,TRUE
15S,21.62628336755647,Female,People,People_138_h,10,Neutral,16.14583333333334,-1.041666666666657,16.92708333333334,FALSE
15S,21.62628336755647,Female,Faces,Faces_010_h,11,Negative,64.84375,-33.85416666666666,59.89583333333333,FALSE
15S,21.62628336755647,Female,People,People_063_h,12,Neutral,13.54166666666666,-1.5625,28.90625,FALSE
15S,21.62628336755647,Female,Faces,Faces_172_h,13,Negative,61.45833333333333,2.083333333333343,23.69791666666666,FALSE
15S,21.62628336755647,Female,Faces,Faces_207_h,14,Neutral,58.33333333333333,-35.9375,15.10416666666666,FALSE
15S,21.62628336755647,Female,People,People_114_h,15,Neutral,14.32291666666666,-0.5208333333333428,13.28125,FALSE
15S,21.62628336755647,Female,Faces,Faces_224_h,16,Neutral,11.19791666666666,1.041666666666657,17.70833333333334,FALSE
15S,21.62628336755647,Female,People,People_184_h,17,Neutral,28.90625,25,85.41666666666667,FALSE
15S,21.62628336755647,Female,People,People_128_h,18,Negative,68.75,-50.52083333333333,72.13541666666667,TRUE
15S,21.62628336755647,Female,People,People_148_h,19,Neutral,32.55208333333333,11.97916666666666,68.75,FALSE
15S,21.62628336755647,Female,Faces,Faces_016_h,20,Negative,34.11458333333333,-1.041666666666657,21.61458333333334,FALSE
15S,21.62628336755647,Female,Faces,Faces_170_h,21,Negative,22.13541666666666,-1.5625,14.32291666666666,FALSE
15S,21.62628336755647,Female,People,People_056_h,22,Neutral,9.635416666666663,2.083333333333343,9.375,FALSE
15S,21.62628336755647,Female,People,People_222_h,23,Negative,83.85416666666667,-83.33333333333333,13.80208333333334,FALSE
15S,21.62628336755647,Female,Faces,Faces_319_v,24,Neutral,17.44791666666666,0,71.61458333333333,FALSE
15S,21.62628336755647,Female,Faces,Faces_045_h,25,Neutral,5.729166666666663,-4.6875,11.71875,FALSE
15S,21.62628336755647,Female,People,People_097_h,26,Neutral,7.291666666666663,-3.125,59.89583333333333,FALSE
15S,21.62628336755647,Female,People,People_237_h,27,Negative,88.80208333333333,-100,0,TRUE
15S,21.62628336755647,Female,Faces,Faces_366_h,28,Negative,90.36458333333333,-100,16.66666666666666,TRUE
15S,21.62628336755647,Female,Faces,Faces_251_v,29,Neutral,0,1.041666666666657,0.260416666666663,FALSE
15S,21.62628336755647,Female,People,People_102_h,30,Neutral,4.427083333333337,3.125,11.45833333333334,FALSE
15S,21.62628336755647,Female,Faces,Faces_149_v,31,Negative,86.71875,-78.125,7.03125,FALSE
15S,21.62628336755647,Female,People,People_038_h,32,Negative,83.33333333333333,-78.64583333333333,14.58333333333334,TRUE
15S,21.62628336755647,Female,Faces,Faces_195_v,33,Neutral,6.510416666666663,0.5208333333333428,16.14583333333334,TRUE
15S,21.62628336755647,Female,Faces,Faces_057_h,34,Neutral,6.770833333333337,1.041666666666657,8.59375,FALSE
15S,21.62628336755647,Female,People,People_208_h,35,Negative,81.25,-72.39583333333333,9.114583333333337,FALSE
15S,21.62628336755647,Female,Faces,Faces_196_h,36,Neutral,2.604166666666663,-1.041666666666657,3.125,FALSE
15S,21.62628336755647,Female,Faces,Faces_315_h,37,Neutral,12.23958333333334,-0.5208333333333428,7.03125,FALSE
15S,21.62628336755647,Female,Faces,Faces_367_h,38,Negative,74.47916666666667,-73.4375,6.770833333333337,TRUE
15S,21.62628336755647,Female,People,People_238_h,39,Negative,95.57291666666667,-88.54166666666667,3.90625,TRUE
15S,21.62628336755647,Female,Faces,Faces_364_v,40,Negative,89.58333333333333,-100,5.46875,TRUE
15S,21.62628336755647,Female,People,People_220_h,41,Negative,89.84375,-83.33333333333333,8.854166666666663,TRUE
15S,21.62628336755647,Female,People,People_149_h,42,Neutral,53.64583333333333,-1.041666666666657,10.41666666666666,FALSE
15S,21.62628336755647,Female,People,People_211_v,43,Negative,74.47916666666667,-71.35416666666667,11.45833333333334,TRUE
15S,21.62628336755647,Female,People,People_227_h,44,Negative,76.5625,-83.85416666666667,4.6875,TRUE
15S,21.62628336755647,Female,People,People_201_v,45,Negative,70.57291666666667,-72.91666666666667,31.25,TRUE
15S,21.62628336755647,Female,Faces,Faces_362_v,46,Negative,69.53125,-41.66666666666665,13.02083333333334,TRUE
15S,21.62628336755647,Female,Faces,Faces_365_v,47,Negative,79.6875,-79.6875,11.71875,TRUE
15S,21.62628336755647,Female,People,People_163_v,48,Neutral,46.35416666666667,-5.729166666666657,11.97916666666666,TRUE
16S,26.4312114989733,Male,Faces,Faces_251_v,1,Neutral,4.427083333333337,43.75,8.59375,TRUE
16S,26.4312114989733,Male,People,People_208_h,2,Negative,50,-79.16666666666667,15.10416666666666,FALSE
16S,26.4312114989733,Male,People,People_226_h,3,Negative,49.47916666666667,-60.9375,17.96875,TRUE
16S,26.4312114989733,Male,People,People_201_v,4,Negative,30.98958333333333,-40.625,14.0625,FALSE
16S,26.4312114989733,Male,Faces,Faces_207_h,5,Neutral,12.76041666666666,1.5625,12.5,FALSE
16S,26.4312114989733,Male,People,People_104_h,6,Neutral,20.3125,-1.5625,10.9375,FALSE
16S,26.4312114989733,Male,People,People_063_h,7,Neutral,0,0,1.822916666666663,FALSE
16S,26.4312114989733,Male,Faces,Faces_195_v,8,Neutral,23.95833333333334,0.5208333333333428,8.854166666666663,TRUE
16S,26.4312114989733,Male,People,People_227_h,9,Negative,50,-20.83333333333334,6.510416666666663,FALSE
16S,26.4312114989733,Male,People,People_246_h,10,Negative,50,-15.625,7.03125,TRUE
16S,26.4312114989733,Male,Faces,Faces_045_h,11,Neutral,2.604166666666663,2.083333333333343,4.427083333333337,FALSE
16S,26.4312114989733,Male,People,People_138_h,12,Neutral,15.88541666666666,3.125,2.34375,TRUE
16S,26.4312114989733,Male,People,People_149_h,13,Neutral,19.53125,-1.041666666666657,6.510416666666663,FALSE
16S,26.4312114989733,Male,People,People_102_h,14,Neutral,5.989583333333337,11.45833333333334,7.8125,FALSE
16S,26.4312114989733,Male,Faces,Faces_170_h,15,Negative,54.16666666666667,-14.0625,24.47916666666666,FALSE
16S,26.4312114989733,Male,People,People_238_h,16,Negative,76.30208333333333,-78.125,14.32291666666666,TRUE
16S,26.4312114989733,Male,People,People_211_v,17,Negative,73.95833333333333,-75,11.71875,TRUE
16S,26.4312114989733,Male,Faces,Faces_364_v,18,Negative,82.8125,-86.97916666666667,13.80208333333334,TRUE
16S,26.4312114989733,Male,Faces,Faces_362_v,19,Negative,26.04166666666667,2.604166666666657,15.10416666666666,TRUE
16S,26.4312114989733,Male,Faces,Faces_371_v,20,Negative,63.02083333333333,-50.52083333333333,10.67708333333334,TRUE
16S,26.4312114989733,Male,Faces,Faces_172_h,21,Negative,61.71875,-42.1875,68.48958333333333,TRUE
16S,26.4312114989733,Male,Faces,Faces_343_h,22,Neutral,3.90625,20.3125,4.947916666666663,FALSE
16S,26.4312114989733,Male,Faces,Faces_149_v,23,Negative,54.94791666666667,-51.5625,64.58333333333333,TRUE
16S,26.4312114989733,Male,People,People_148_h,24,Neutral,0,0,1.822916666666663,FALSE
16S,26.4312114989733,Male,People,People_220_h,25,Negative,65.625,-61.97916666666667,13.80208333333334,FALSE
16S,26.4312114989733,Male,People,People_038_h,26,Negative,60.67708333333333,-46.875,9.114583333333337,TRUE
16S,26.4312114989733,Male,People,People_056_h,27,Neutral,3.385416666666663,1.041666666666657,1.822916666666663,FALSE
16S,26.4312114989733,Male,Faces,Faces_365_v,28,Negative,53.64583333333333,-87.5,6.510416666666663,FALSE
16S,26.4312114989733,Male,Faces,Faces_224_h,29,Neutral,0,0,1.041666666666663,FALSE
16S,26.4312114989733,Male,People,People_114_h,30,Neutral,3.645833333333337,32.29166666666666,2.34375,FALSE
16S,26.4312114989733,Male,People,People_184_h,31,Neutral,0,1.5625,23.95833333333334,FALSE
16S,26.4312114989733,Male,Faces,Faces_293_h,32,Negative,23.56770833333334,-42.1875,4.166666666666663,FALSE
16S,26.4312114989733,Male,Faces,Faces_010_h,33,Negative,59.11458333333333,-38.54166666666665,7.8125,TRUE
16S,26.4312114989733,Male,People,People_128_h,34,Negative,53.90625,-19.79166666666666,7.03125,TRUE
16S,26.4312114989733,Male,Faces,Faces_196_h,35,Neutral,4.166666666666663,0,0,FALSE
16S,26.4312114989733,Male,People,People_163_v,36,Neutral,11.97916666666666,0,6.25,FALSE
16S,26.4312114989733,Male,Faces,Faces_057_h,37,Neutral,4.427083333333337,-1.041666666666657,4.166666666666663,FALSE
16S,26.4312114989733,Male,People,People_237_h,38,Negative,58.85416666666667,-44.27083333333335,7.552083333333337,FALSE
16S,26.4312114989733,Male,Faces,Faces_367_h,39,Negative,56.77083333333333,-67.70833333333333,11.19791666666666,TRUE
16S,26.4312114989733,Male,Faces,Faces_064_h,40,Neutral,0,0.5208333333333428,0.520833333333337,FALSE
16S,26.4312114989733,Male,People,People_158_h,41,Neutral,0,-5.729166666666657,2.34375,TRUE
16S,26.4312114989733,Male,People,People_097_h,42,Neutral,4.6875,0.5208333333333428,3.645833333333337,FALSE
16S,26.4312114989733,Male,Faces,Faces_319_v,43,Neutral,0.78125,1.5625,0,FALSE
16S,26.4312114989733,Male,Faces,Faces_315_h,44,Neutral,0,2.604166666666657,0,FALSE
16S,26.4312114989733,Male,People,People_222_h,45,Negative,58.85416666666667,-39.0625,11.97916666666666,FALSE
16S,26.4312114989733,Male,Faces,Faces_016_h,46,Negative,50,-24.47916666666666,2.864583333333337,FALSE
16S,26.4312114989733,Male,Faces,Faces_366_h,47,Negative,22.13541666666666,-21.35416666666666,2.083333333333337,TRUE
16S,26.4312114989733,Male,Faces,Faces_341_h,48,Neutral,0,15.625,0,FALSE
17S,23.65229295003422,Male,Faces,Faces_172_h,1,Negative,51.82291666666667,0,0,FALSE
17S,23.65229295003422,Male,People,People_184_h,2,Neutral,50.26041666666667,0.5208333333333428,0,FALSE
17S,23.65229295003422,Male,People,People_056_h,3,Neutral,0,0.5208333333333428,0,FALSE
17S,23.65229295003422,Male,Faces,Faces_371_v,4,Negative,54.6875,-8.333333333333343,0,FALSE
17S,23.65229295003422,Male,Faces,Faces_367_h,5,Negative,0,1.5625,0,FALSE
17S,23.65229295003422,Male,People,People_038_h,6,Negative,0,1.5625,0,FALSE
17S,23.65229295003422,Male,People,People_220_h,7,Negative,49.73958333333333,-1.041666666666657,0,FALSE
17S,23.65229295003422,Male,Faces,Faces_343_h,8,Neutral,0,0.5208333333333428,0,FALSE
17S,23.65229295003422,Male,Faces,Faces_365_v,9,Negative,0,3.125,0,TRUE
17S,23.65229295003422,Male,People,People_114_h,10,Neutral,0,3.645833333333343,0,FALSE
17S,23.65229295003422,Male,People,People_201_v,11,Negative,52.60416666666667,0.5208333333333428,0,TRUE
17S,23.65229295003422,Male,People,People_102_h,12,Neutral,52.34375,66.66666666666666,0,FALSE
17S,23.65229295003422,Male,People,People_238_h,13,Negative,0,-8.854166666666657,0,FALSE
17S,23.65229295003422,Male,Faces,Faces_045_h,14,Neutral,0,13.02083333333334,0,TRUE
17S,23.65229295003422,Male,People,People_208_h,15,Negative,49.47916666666667,-7.8125,0,FALSE
17S,23.65229295003422,Male,Faces,Faces_010_h,16,Negative,0,3.125,0,TRUE
17S,23.65229295003422,Male,People,People_211_v,17,Negative,4.817708333333337,1.5625,0,FALSE
17S,23.65229295003422,Male,People,People_158_h,18,Neutral,0,0.5208333333333428,56.77083333333333,FALSE
17S,23.65229295003422,Male,People,People_163_v,19,Neutral,0,11.97916666666666,0,TRUE
17S,23.65229295003422,Male,People,People_246_h,20,Negative,50.26041666666667,1.041666666666657,0,FALSE
17S,23.65229295003422,Male,Faces,Faces_064_h,21,Neutral,8.854166666666663,19.27083333333334,20.3125,TRUE
17S,23.65229295003422,Male,Faces,Faces_366_h,22,Negative,54.94791666666667,-16.14583333333334,0,FALSE
17S,23.65229295003422,Male,Faces,Faces_251_v,23,Neutral,0,0,0,FALSE
17S,23.65229295003422,Male,People,People_226_h,24,Negative,2.34375,-0.5208333333333428,0,TRUE
17S,23.65229295003422,Male,Faces,Faces_196_h,25,Neutral,0,-2.604166666666657,50.52083333333333,FALSE
17S,23.65229295003422,Male,People,People_149_h,26,Neutral,0,2.083333333333343,0,TRUE
17S,23.65229295003422,Male,People,People_097_h,27,Neutral,0,1.041666666666657,0,FALSE
17S,23.65229295003422,Male,Faces,Faces_293_h,28,Negative,50,-2.604166666666657,0,FALSE
17S,23.65229295003422,Male,Faces,Faces_319_v,29,Neutral,0,10.9375,28.125,FALSE
17S,23.65229295003422,Male,Faces,Faces_341_h,30,Neutral,0,2.083333333333343,0,FALSE
17S,23.65229295003422,Male,Faces,Faces_057_h,31,Neutral,0,1.041666666666657,0,FALSE
17S,23.65229295003422,Male,People,People_138_h,32,Neutral,50.26041666666667,-0.5208333333333428,0,FALSE
17S,23.65229295003422,Male,Faces,Faces_224_h,33,Neutral,0,2.604166666666657,0,FALSE
17S,23.65229295003422,Male,People,People_222_h,34,Negative,0,3.645833333333343,0,FALSE
17S,23.65229295003422,Male,Faces,Faces_170_h,35,Negative,0,5.208333333333343,0,FALSE
17S,23.65229295003422,Male,Faces,Faces_207_h,36,Neutral,0,4.166666666666657,0,TRUE
17S,23.65229295003422,Male,Faces,Faces_364_v,37,Negative,0,1.041666666666657,0,FALSE
17S,23.65229295003422,Male,Faces,Faces_149_v,38,Negative,0,-0.5208333333333428,0,FALSE
17S,23.65229295003422,Male,Faces,Faces_315_h,39,Neutral,0,-4.166666666666657,0,FALSE
17S,23.65229295003422,Male,Faces,Faces_195_v,40,Neutral,0,-0.5208333333333428,0,FALSE
17S,23.65229295003422,Male,People,People_237_h,41,Negative,0,-1.5625,0,TRUE
17S,23.65229295003422,Male,People,People_227_h,42,Negative,0,0,0,FALSE
17S,23.65229295003422,Male,People,People_128_h,43,Negative,0,-2.604166666666657,0,FALSE
17S,23.65229295003422,Male,People,People_104_h,44,Neutral,0,1.041666666666657,0,FALSE
17S,23.65229295003422,Male,Faces,Faces_016_h,45,Negative,5.208333333333337,-8.333333333333343,3.125,TRUE
17S,23.65229295003422,Male,People,People_063_h,46,Neutral,19.53125,-0.5208333333333428,22.39583333333334,TRUE
17S,23.65229295003422,Male,People,People_148_h,47,Neutral,50.26041666666667,2.604166666666657,0,FALSE
17S,23.65229295003422,Male,Faces,Faces_362_v,48,Negative,0,-1.041666666666657,0,FALSE
18S,22.2094455852156,Male,Faces,Faces_315_h,1,Neutral,36.09077598828696,47.58418740849194,1.68374816983895,FALSE
18S,22.2094455852156,Male,Faces,Faces_343_h,2,Neutral,23.46266471449487,-15.00732064421668,0,FALSE
18S,22.2094455852156,Male,Faces,Faces_251_v,3,Neutral,9.919472913616401,-0.3660322108345326,15.22693997071742,FALSE
18S,22.2094455852156,Male,People,People_211_v,4,Negative,69.03367496339679,-52.34260614934114,8.089311859443626,FALSE
18S,22.2094455852156,Male,People,People_114_h,5,Neutral,65.92240117130308,88.94582723279649,63.36017569546119,FALSE
18S,22.2094455852156,Male,People,People_056_h,6,Neutral,59.51683748169838,73.2064421669107,74.89019033674964,FALSE
18S,22.2094455852156,Male,Faces,Faces_196_h,7,Neutral,30.05124450951684,1.098096632503641,6.991215226939973,FALSE
18S,22.2094455852156,Male,People,People_238_h,8,Negative,59.69985358711567,-83.08931185944364,17.78916544655929,FALSE
18S,22.2094455852156,Male,Faces,Faces_170_h,9,Negative,40.66617862371888,-76.86676427525623,18.88726207906296,FALSE
18S,22.2094455852156,Male,Faces,Faces_365_v,10,Negative,47.25475841874085,-18.30161054172765,16.69106881405563,FALSE
18S,22.2094455852156,Male,Faces,Faces_293_h,11,Negative,34.80966325036603,-46.48609077598831,9.004392386530014,FALSE
18S,22.2094455852156,Male,People,People_222_h,12,Negative,48.71888726207907,-58.56515373352855,4.062957540263545,FALSE
18S,22.2094455852156,Male,Faces,Faces_341_h,13,Neutral,17.24011713030746,1.464128843338216,0,FALSE
18S,22.2094455852156,Male,Faces,Faces_010_h,14,Negative,67.56954612005856,-70.27818448023426,53.84333821376281,FALSE
18S,22.2094455852156,Male,People,People_184_h,15,Neutral,62.26207906295753,50.87847730600294,67.93557833089312,FALSE
18S,22.2094455852156,Male,People,People_102_h,16,Neutral,55.30746705710104,-39.53147877013179,60.24890190336749,FALSE
18S,22.2094455852156,Male,People,People_149_h,17,Neutral,33.89458272327965,-42.82576866764276,60.43191800878478,TRUE
18S,22.2094455852156,Male,People,People_246_h,18,Negative,60.43191800878478,-73.20644216691068,29.68521229868228,FALSE
18S,22.2094455852156,Male,People,People_063_h,19,Neutral,25.29282576866765,1.098096632503641,62.81112737920937,FALSE
18S,22.2094455852156,Male,Faces,Faces_172_h,20,Negative,61.89604685212298,47.95021961932648,48.53587115666178,FALSE
18S,22.2094455852156,Male,Faces,Faces_016_h,21,Negative,61.89604685212298,-83.08931185944364,60.06588579795022,TRUE
18S,22.2094455852156,Male,People,People_201_v,22,Negative,65.19033674963397,-87.11566617862371,43.96046852122988,FALSE
18S,22.2094455852156,Male,People,People_097_h,23,Neutral,15.04392386530015,0.3660322108345326,61.53001464128845,FALSE
18S,22.2094455852156,Male,People,People_226_h,24,Negative,32.97950219619325,0.7320644216691079,59.51683748169838,FALSE
18S,22.2094455852156,Male,Faces,Faces_366_h,25,Negative,58.05270863836019,-67.34992679355783,17.97218155197658,FALSE
18S,22.2094455852156,Male,Faces,Faces_362_v,26,Negative,54.75841874084919,-81.99121522693997,14.86090775988287,TRUE
18S,22.2094455852156,Male,People,People_220_h,27,Negative,52.3792093704246,-71.37628111273793,7.906295754026349,FALSE
18S,22.2094455852156,Male,Faces,Faces_149_v,28,Negative,60.06588579795022,-89.6778916544656,13.21376281112738,FALSE
18S,22.2094455852156,Male,Faces,Faces_045_h,29,Neutral,5.344070278184477,7.686676427525626,6.259150805270863,FALSE
18S,22.2094455852156,Male,Faces,Faces_367_h,30,Negative,40.84919472913617,-60.39531478770132,3.696925329428991,FALSE
18S,22.2094455852156,Male,Faces,Faces_364_v,31,Negative,64.2752562225476,-61.49341142020497,4.978038067349921,FALSE
18S,22.2094455852156,Male,Faces,Faces_371_v,32,Negative,66.83748169838945,-94.80234260614935,15.4099560761347,FALSE
18S,22.2094455852156,Male,People,People_148_h,33,Neutral,51.46412884333822,67.7159590043924,44.5095168374817,TRUE
18S,22.2094455852156,Male,People,People_237_h,34,Negative,61.53001464128845,-100,0,TRUE
18S,22.2094455852156,Male,People,People_208_h,35,Negative,25.10980966325036,-100,11.01756954612005,FALSE
18S,22.2094455852156,Male,Faces,Faces_207_h,36,Neutral,50.73206442166911,83.45534407027819,73.60907759882869,TRUE
18S,22.2094455852156,Male,People,People_104_h,37,Neutral,19.25329428989751,25.25622254758417,63.90922401171304,FALSE
18S,22.2094455852156,Male,Faces,Faces_195_v,38,Neutral,16.87408491947291,-2.562225475841856,57.13762811127378,FALSE
18S,22.2094455852156,Male,Faces,Faces_057_h,39,Neutral,40.11713030746706,0,60.24890190336749,FALSE
18S,22.2094455852156,Male,People,People_227_h,40,Negative,77.81844802342606,-96.99853587115666,12.11566617862372,FALSE
18S,22.2094455852156,Male,People,People_138_h,41,Neutral,49.45095168374818,67.34992679355781,67.3865300146413,FALSE
18S,22.2094455852156,Male,People,People_158_h,42,Neutral,8.272327964860903,-1.830161054172748,6.076134699853586,TRUE
18S,22.2094455852156,Male,People,People_038_h,43,Negative,64.45827232796486,-94.80234260614935,62.07906295754027,TRUE
18S,22.2094455852156,Male,Faces,Faces_064_h,44,Neutral,7.723279648609083,81.62518301610538,58.96778916544656,TRUE
18S,22.2094455852156,Male,People,People_163_v,45,Neutral,17.60614934114202,47.58418740849194,72.69399707174232,FALSE
18S,22.2094455852156,Male,Faces,Faces_224_h,46,Neutral,5.344070278184477,27.81844802342607,19.80234260614934,TRUE
18S,22.2094455852156,Male,People,People_128_h,47,Negative,57.68667642752563,-94.07027818448024,11.74963396778916,TRUE
18S,22.2094455852156,Male,Faces,Faces_319_v,48,Neutral,8.638360175695459,-0.3660322108345326,5.710102489019031,FALSE
19S,19.7700205338809,Male,People,People_114_h,1,Neutral,76.5625,54.16666666666666,41.66666666666667,FALSE
19S,19.7700205338809,Male,Faces,Faces_224_h,2,Neutral,22.91666666666666,3.125,22.39583333333334,FALSE
19S,19.7700205338809,Male,People,People_038_h,3,Negative,96.35416666666667,-100,32.29166666666667,TRUE
19S,19.7700205338809,Male,Faces,Faces_207_h,4,Neutral,36.19791666666667,1.5625,15.36458333333334,FALSE
19S,19.7700205338809,Male,People,People_226_h,5,Negative,96.09375,-95.83333333333333,39.84375,TRUE
19S,19.7700205338809,Male,People,People_227_h,6,Negative,54.6875,-8.333333333333343,55.20833333333333,FALSE
19S,19.7700205338809,Male,People,People_211_v,7,Negative,95.57291666666667,-92.1875,41.92708333333333,FALSE
19S,19.7700205338809,Male,Faces,Faces_319_v,8,Neutral,47.13541666666667,-0.5208333333333428,34.63541666666667,FALSE
19S,19.7700205338809,Male,Faces,Faces_064_h,9,Neutral,29.94791666666667,21.875,56.77083333333333,FALSE
19S,19.7700205338809,Male,People,People_201_v,10,Negative,72.65625,-58.85416666666667,40.10416666666667,FALSE
19S,19.7700205338809,Male,People,People_163_v,11,Neutral,30.20833333333333,2.604166666666657,44.27083333333333,FALSE
19S,19.7700205338809,Male,People,People_104_h,12,Neutral,42.96875,24.47916666666666,16.92708333333334,FALSE
19S,19.7700205338809,Male,People,People_222_h,13,Negative,85.9375,-65.625,31.77083333333333,FALSE
19S,19.7700205338809,Male,Faces,Faces_016_h,14,Negative,42.96875,0,29.6875,TRUE
19S,19.7700205338809,Male,People,People_063_h,15,Neutral,48.69791666666667,2.083333333333343,32.29166666666667,FALSE
19S,19.7700205338809,Male,Faces,Faces_315_h,16,Neutral,0,0,0,FALSE
19S,19.7700205338809,Male,People,People_149_h,17,Neutral,75,-7.8125,56.25,FALSE
19S,19.7700205338809,Male,People,People_097_h,18,Neutral,54.6875,8.854166666666657,67.96875,FALSE
19S,19.7700205338809,Male,Faces,Faces_251_v,19,Neutral,0,0.5208333333333428,25,FALSE
19S,19.7700205338809,Male,People,People_237_h,20,Negative,60.9375,-26.04166666666666,33.59375,TRUE
19S,19.7700205338809,Male,Faces,Faces_195_v,21,Neutral,24.47916666666666,0.5208333333333428,0,FALSE
19S,19.7700205338809,Male,Faces,Faces_057_h,22,Neutral,51.5625,12.5,84.11458333333333,FALSE
19S,19.7700205338809,Male,Faces,Faces_343_h,23,Neutral,69.79166666666667,89.0625,17.1875,FALSE
19S,19.7700205338809,Male,People,People_246_h,24,Negative,100,-100,26.5625,FALSE
19S,19.7700205338809,Male,Faces,Faces_365_v,25,Negative,70.3125,-84.89583333333333,25.52083333333333,FALSE
19S,19.7700205338809,Male,People,People_138_h,26,Neutral,57.03125,39.0625,71.875,TRUE
19S,19.7700205338809,Male,Faces,Faces_149_v,27,Negative,98.69791666666667,-89.0625,0,FALSE
19S,19.7700205338809,Male,People,People_056_h,28,Neutral,17.96875,0,0,FALSE
19S,19.7700205338809,Male,Faces,Faces_045_h,29,Neutral,11.71875,-2.083333333333343,48.17708333333333,FALSE
19S,19.7700205338809,Male,Faces,Faces_362_v,30,Negative,58.07291666666667,-18.75,18.75,FALSE
19S,19.7700205338809,Male,People,People_238_h,31,Negative,100,-78.125,31.25,FALSE
19S,19.7700205338809,Male,People,People_184_h,32,Neutral,40.36458333333333,46.35416666666666,93.48958333333333,FALSE
19S,19.7700205338809,Male,Faces,Faces_196_h,33,Neutral,19.79166666666666,0,0,FALSE
19S,19.7700205338809,Male,Faces,Faces_371_v,34,Negative,90.625,-90.625,23.4375,FALSE
19S,19.7700205338809,Male,People,People_128_h,35,Negative,64.84375,-14.0625,38.28125,FALSE
19S,19.7700205338809,Male,Faces,Faces_366_h,36,Negative,60.9375,-19.27083333333334,21.875,FALSE
19S,19.7700205338809,Male,Faces,Faces_010_h,37,Negative,86.97916666666667,-66.14583333333333,30.98958333333333,TRUE
19S,19.7700205338809,Male,People,People_158_h,38,Neutral,34.375,-2.604166666666657,42.1875,FALSE
19S,19.7700205338809,Male,People,People_208_h,39,Negative,78.38541666666667,-67.1875,0,FALSE
19S,19.7700205338809,Male,People,People_220_h,40,Negative,100,-52.08333333333333,20.05208333333334,FALSE
19S,19.7700205338809,Male,Faces,Faces_170_h,41,Negative,79.42708333333333,-50,27.34375,TRUE
19S,19.7700205338809,Male,Faces,Faces_341_h,42,Neutral,32.55208333333333,34.89583333333334,26.5625,TRUE
19S,19.7700205338809,Male,Faces,Faces_172_h,43,Negative,67.70833333333333,-54.6875,45.57291666666667,FALSE
19S,19.7700205338809,Male,Faces,Faces_364_v,44,Negative,94.01041666666667,-87.5,26.30208333333333,TRUE
19S,19.7700205338809,Male,People,People_102_h,45,Neutral,56.25,21.35416666666666,80.20833333333333,FALSE
19S,19.7700205338809,Male,People,People_148_h,46,Neutral,54.6875,52.08333333333334,69.79166666666667,FALSE
19S,19.7700205338809,Male,Faces,Faces_293_h,47,Negative,51.04166666666667,-16.14583333333334,19.27083333333334,FALSE
19S,19.7700205338809,Male,Faces,Faces_367_h,48,Negative,93.22916666666667,-95.3125,21.35416666666666,TRUE
